{
    "pools": [
        {
            "rolls": 32,
            "entries": [
                {
                    "type": "item",
                    "name": "diamond",
                    "weight": 10,
                    "functions": [
                        {
                            "function": "set_count",
                            "count": {
                                "max": 32,
                                "min": 16
                            }
                        }
                    ]
                },
                {
                    "type": "item",
                    "name": "locdev:luminous_ingot",
                    "weight": 3,
                    "functions": [
                        {
                            "function": "set_count",
                            "count": {
                                "max": 2,
                                "min": 1
                            }
                        }
                    ]
                },
                {
                    "type": "item",
                    "name": "netherite_block",
                    "weight": 2,
                    "functions": [
                        {
                            "function": "set_count",
                            "count": {
                                "max": 2,
                                "min": 1
                            }
                        }
                    ]
                }
            ]
        }
    ]
}