{
    "pools": [
        {
            "rolls": 10,
            "entries": [
                {
                    "type": "item",
                    "name": "enchanted_book",
                    "weight": 1,
                    "functions": [
                        {
                            "function": "enchant_with_levels",
                            "levels": {
                                "max": 50,
                                "min": 30
                            },
                            "treasure": true
                        }
                    ]
                }
            ]
        }
    ]
}