{
    "pools": [
        {
            "rolls": 1,
            "entries": [
                {
                    "type": "item",
                    "name": "minecraft:bow",
                    "weight": 2
                },
                {
                    "type": "item",
                    "name": "minecraft:bow",
                    "weight": 1,
                    "functions": [
                        {
                            "function": "enchant_randomly",
                            "treasure": false
                        }
                    ]
                }
            ]
        },
        {
            "rolls": 1,
            "entries": [
                {
                    "type": "item",
                    "name": "minecraft:iron_helmet",
                    "weight": 2
                },
                {
                    "type": "item",
                    "name": "minecraft:iron_helmet",
                    "weight": 1,
                    "functions": [
                        {
                            "function": "enchant_randomly",
                            "treasure": false
                        },
                        {
                            "function": "set_armor_trim",
                            "material": "gold",
                            "pattern": "flow"
                        }
                    ]
                }
            ]
        },
        {
            "rolls": 1,
            "entries": [
                {
                    "type": "item",
                    "name": "minecraft:iron_chestplate",
                    "weight": 2
                },
                {
                    "type": "item",
                    "name": "minecraft:iron_chestplate",
                    "weight": 1,
                    "functions": [
                        {
                            "function": "enchant_randomly",
                            "treasure": false
                        },
                        {
                            "function": "set_armor_trim",
                            "material": "gold",
                            "pattern": "flow"
                        }
                    ]
                }
            ]
        },
        {
            "rolls": 1,
            "entries": [
                {
                    "type": "item",
                    "name": "minecraft:iron_leggings",
                    "weight": 2
                },
                {
                    "type": "item",
                    "name": "minecraft:iron_leggings",
                    "weight": 1,
                    "functions": [
                        {
                            "function": "enchant_randomly",
                            "treasure": false
                        },
                        {
                            "function": "set_armor_trim",
                            "material": "gold",
                            "pattern": "flow"
                        }
                    ]
                }
            ]
        },
        {
            "rolls": 1,
            "entries": [
                {
                    "type": "item",
                    "name": "minecraft:iron_boots",
                    "weight": 2
                },
                {
                    "type": "item",
                    "name": "minecraft:iron_boots",
                    "weight": 1,
                    "functions": [
                        {
                            "function": "enchant_randomly",
                            "treasure": false
                        },
                        {
                            "function": "set_armor_trim",
                            "material": "gold",
                            "pattern": "flow"
                        }
                    ]
                }
            ]
        }
    ]
}