{
	"format_version": "1.20.50",
	"minecraft:item": {
		"description": {
			"identifier": "locdev:mythril_helmet_purple",
			"menu_category": {
				"category": "equipment",
				"group": "itemGroup.name.helmet"
			}
		},
		"components": {
			"minecraft:max_stack_size": 1,
			"minecraft:icon": {
				"texture": "mythril_helmet_purple"
			},
			"minecraft:wearable": {
				"slot": "slot.armor.head",
				"protection": 6
			},
			"minecraft:enchantable": {
				"slot": "armor_head",
				"value": 12
			},
			"minecraft:durability": {
				"max_durability": 1800
			},
			"minecraft:display_name": {
				"value": "Mythril Helmet (Purple)"
			},
			"minecraft:repairable": {
				"repair_items": [
					{
						"items": [
							"locdev:mythril_ingot"
						],
						"repair_amount": "query.max_durability*0.25"
					}
				]
			}
		}
	}
}