{
    "format_version": "1.20.10",
    "minecraft:spawn_rules": {
        "description": {
            "identifier": "locdev:cenarax_melee_footsoldier",
            "population_control": "monster"
        },
        "conditions": [
            {
                "minecraft:brightness_filter": {
                    "adjust_for_weather": true,
                    "max": 7,
                    "min": 0
                },
                "minecraft:player_in_village_filter": {
                    "distance": 50,
                    "village_border_tolerance": 3
                },
                "minecraft:herd": {
                    "max_size": 5,
                    "min_size": 3
                }
            }
        ]
    }
}