{
	"format_version": "1.21.10",
	"minecraft:spawn_rules": {
		"description": {
			"identifier": "locdev:cenarax_patrol_plains",
			"population_control": "monster"
		},
		"conditions": [
			{
				"minecraft:mob_event_filter": "minecraft:pillager_patrols_event",
				"minecraft:world_age_filter": {
					"min": 10
				},
				"minecraft:spawns_on_surface": {},
				"minecraft:brightness_filter": {
					"min": 0,
					"max": 7,
					"adjust_for_weather": true
				},
				"minecraft:difficulty_filter": {
					"min": "hard",
					"max": "hard"
				},
				"minecraft:weight": {
					"default": 1
				},
				"minecraft:herd": {
					"min_size": 1,
					"max_size": 1
				},
				"minecraft:biome_filter": {
					"test": "has_biome_tag",
					"operator": "==",
					"value": "monster"
				}
			}
		]
	}
}