{
	"format_version": "1.21.20",
	"minecraft:processor_list": {
		"description": {
			"identifier": "locdev:cenarax_citadel_general"
		},
		"processors": [
			{
				"processor_type": "minecraft:rule",
				"rules": [
					{
						"input_predicate": {
							"predicate_type": "minecraft:random_block_match",
							"block": "minecraft:polished_blackstone_bricks",
							"probability": 0.2
						},
						"output_state": "minecraft:cracked_polished_blackstone_bricks"
					},
					{
						"input_predicate": {
							"predicate_type": "minecraft:random_block_match",
							"block": "minecraft:deepslate_bricks",
							"probability": 0.2
						},
						"output_state": "minecraft:cracked_deepslate_bricks"
					}
				]
			}
		]
	}
}