{
	"format_version": "1.13.0",
	"minecraft:entity": {
		"description": {
			"identifier": "locdev:cenarax_highlands_guard",
			"is_spawnable": true,
			"is_summonable": true,
			"is_experimental": false
		},
		"component_groups": {
			"locdev:spawn_as_ground_commander": {
				"minecraft:boss": {
					"hud_range": 55,
					"name": "§9Cenarax Highlands Commander"
				},
				"minecraft:health": {
					"max": 150,
					"value": 150
				},
				"minecraft:equipment": {
					"table": "loot_tables/entities/miniboss_gear/highlands_guard_commander_gear.json"
				},
				"minecraft:loot": {
					"table": "loot_tables/entities/miniboss_drops/highlands_guard_commander_drops.json"
				},
				"minecraft:scale": {
					"value": 1.2
				},
				"minecraft:experience_reward": {
					"on_death": 100
				},
				"minecraft:fire_immune": true,
				"minecraft:movement": {
					"max": 0.2,
					"value": 0.2
				},
				"minecraft:angry": {
					"broadcast_anger": true,
					"duration": 25,
					"broadcast_anger_on_attack": true,
					"broadcast_anger_on_being_attacked": true,
					"broadcast_targets": [
						"illager",
						"Cenarax"
					],
					"broadcast_range": 20
				},
				"minecraft:type_family": {
					"family": [
						"cenarax_commander",
						"cenarax_highlands_commander",
						"cenarax_highlands_guard",
						"war_boar_rideable",
						"Cenarax",
						"monster",
						"undead",
						"mob"
					]
				},
				"minecraft:mark_variant": {
					"value": 1
				},
				"minecraft:variant": {
					"value": 1
				}
			},
			"locdev:spawn_with_totem": {
				"minecraft:equipment": {
					"table": "loot_tables/entities/highlands_guard_gear.json",
					"slot_drop_chance": [
						{
							"slot": "slot.weapon.offhand",
							"drop_chance": 1
						},
						{
							"slot": "slot.weapon.mainhand",
							"drop_chance": 1
						},
						{
							"slot": "slot.armor.chest",
							"drop_chance": 1
						},
						{
							"slot": "slot.armor.head",
							"drop_chance": 1
						},
						{
							"slot": "slot.armor.legs",
							"drop_chance": 1
						},
						{
							"slot": "slot.armor.feet",
							"drop_chance": 1
						}
					]
				},
				"minecraft:mark_variant": {
					"value": 3
				},
				"minecraft:variant": {
					"value": 3
				}
			},
			"locdev:poison_afflicting": {
				"minecraft:attack": {
					"damage": 3,
					"effect_duration": 5,
					"effect_name": "poison"
				},
				"minecraft:health": {
					"max": 40,
					"value": 40
				},
				"minecraft:movement": {
					"max": 0.2,
					"value": 0.2
				},
				"minecraft:angry": {
					"broadcast_anger": true,
					"duration": 25,
					"broadcast_anger_on_attack": true,
					"broadcast_anger_on_being_attacked": true,
					"broadcast_targets": [
						"illager",
						"Cenarax"
					],
					"broadcast_range": 20
				},
				"minecraft:mark_variant": {
					"value": 2
				},
				"minecraft:variant": {
					"value": 2
				}
			},
			"locdev:spawn_as_garrison": {
				"minecraft:type_family": {
					"family": [
						"citadel_garrison_royal_guards",
						"war_boar_rideable",
						"undead",
						"monster",
						"mob",
						"Cenarax"
					]
				}
			},
			"locdev:default": {
				"minecraft:loot": {
					"table": "loot_tables/entities/highlands_guard_drops.json"
				},
				"minecraft:health": {
					"max": 40,
					"value": 40
				},
				"minecraft:movement": {
					"max": 0.2,
					"value": 0.2
				},
				"minecraft:angry": {
					"broadcast_anger": true,
					"duration": 25,
					"broadcast_anger_on_attack": true,
					"broadcast_anger_on_being_attacked": true,
					"broadcast_targets": [
						"illager",
						"Cenarax"
					],
					"broadcast_range": 20
				},
				"minecraft:mark_variant": {
					"value": 0
				},
				"minecraft:variant": {
					"value": 0
				}
			},
			"locdev:spawn_as_raid_reinforcement": {
				"minecraft:loot": {
					"table": "loot_tables/cenarax_raid_drops/raid_drops_cenarax.json"
				}
			},
			"minecraft:raid_configuration": {
				"minecraft:dweller": {
					"dwelling_type": "village",
					"dweller_role": "hostile",
					"update_interval_base": 60,
					"update_interval_variant": 40,
					"can_find_poi": false,
					"can_migrate": true,
					"first_founding_reward": 0
				},
				"minecraft:behavior.move_to_village": {
					"priority": 5,
					"speed_multiplier": 1,
					"goal_radius": 2
				},
				"minecraft:ambient_sound_interval": {
					"value": 2,
					"range": 4,
					"event_name": "ambient.in.raid"
				}
			},
			"minecraft:raid_persistence": {
				"minecraft:persistent": {}
			}
		},
		"components": {
			"minecraft:nameable": {},
			"minecraft:type_family": {
				"family": [
					"cenarax_highlands_guard",
					"war_boar_rideable",
					"Cenarax",
					"monster",
					"undead",
					"mob"
				]
			},
			"minecraft:damage_sensor": {
				"triggers": [
					{
						"on_damage": {
							"filters": {
								"test": "is_family",
								"subject": "other",
								"value": "Cenarax"
							}
						},
						"deals_damage": false
					},
					{
						"on_damage": {
							"filters": {
								"test": "is_family",
								"subject": "other",
								"value": "undead"
							}
						},
						"deals_damage": false
					}
				]
			},
			"minecraft:behavior.door_interact": {},
			"minecraft:behavior.open_door": {
				"close_door_after": true
			},
			"minecraft:annotation.open_door": {},
			"minecraft:movement": {
				"max": 0.25,
				"value": 0.25
			},
			"minecraft:experience_reward": {
				"on_death": 80
			},
			"minecraft:fire_immune": true,
			"minecraft:equipment": {
				"table": "loot_tables/entities/highlands_guard_gear.json",
				"slot_drop_chance": [
					{
						"slot": "slot.weapon.mainhand",
						"drop_chance": 1
					},
					{
						"slot": "slot.armor.chest",
						"drop_chance": 1
					},
					{
						"slot": "slot.armor.head",
						"drop_chance": 1
					},
					{
						"slot": "slot.armor.legs",
						"drop_chance": 1
					},
					{
						"slot": "slot.armor.feet",
						"drop_chance": 1
					}
				]
			},
			"minecraft:knockback_resistance": {
				"max": 2,
				"value": 1.5
			},
			"minecraft:collision_box": {
				"width": 0.6,
				"height": 1.9
			},
			"minecraft:movement.basic": {},
			"minecraft:navigation.walk": {
				"is_amphibious": true,
				"can_pass_doors": true,
				"can_walk": true,
				"can_break_doors": true
			},
			"minecraft:annotation.break_door": {},
			"minecraft:jump.static": {},
			"minecraft:can_climb": {},
			"minecraft:health": {
				"value": 40,
				"max": 40
			},
			"minecraft:hurt_on_condition": {
				"damage_conditions": [
					{
						"filters": {
							"test": "in_lava",
							"subject": "self",
							"operator": "==",
							"value": true
						},
						"cause": "lava",
						"damage_per_tick": 4
					}
				]
			},
			"minecraft:breathable": {
				"total_supply": 15,
				"suffocate_time": 0,
				"breathes_air": true,
				"breathes_water": true
			},
			"minecraft:attack": {
				"damage": 3
			},
			"minecraft:loot": {
				"table": "loot_tables/entities/highlands_guard_drops.json"
			},
			"minecraft:behavior.melee_attack": {
				"priority": 3,
				"speed_multiplier": 1,
				"track_target": false
			},
			"minecraft:behavior.move_towards_restriction": {
				"priority": 5,
				"speed_multiplier": 1
			},
			"minecraft:behavior.random_stroll": {
				"priority": 6,
				"speed_multiplier": 1
			},
			"minecraft:behavior.look_at_player": {
				"priority": 7,
				"look_distance": 6,
				"probability": 0.02
			},
			"minecraft:behavior.random_look_around": {
				"priority": 7
			},
			"minecraft:behavior.hurt_by_target": {
				"priority": 1,
				"alert_same_type": true,
				"entity_types": {
					"filters": {
						"any_of": [
							{
								"test": "is_family",
								"subject": "other",
								"operator": "!=",
								"value": "player"
							}
						]
					},
					"check_if_outnumbered": true,
					"sprint_speed_multiplier": 1.5,
					"walk_speed_multiplier": 1.2,
					"must_see": true,
					"max_dist": 64
				}
			},
			"minecraft:behavior.nearest_attackable_target": {
				"priority": 2,
				"within_radius": 25,
				"reselect_targets": true,
				"target_invisible_multiplier": 0.7,
				"persist_time": 1,
				"set_persistent": false,
				"entity_types": [
					{
						"filters": {
							"any_of": [
								{
									"test": "is_family",
									"subject": "other",
									"value": "player"
								},
								{
									"test": "is_family",
									"subject": "other",
									"value": "snowgolem"
								},
								{
									"test": "is_family",
									"subject": "other",
									"value": "irongolem"
								}
							]
						},
						"max_dist": 35,
						"check_if_outnumbered": true
					},
					{
						"filters": {
							"any_of": [
								{
									"test": "is_family",
									"subject": "other",
									"value": "villager"
								},
								{
									"test": "is_family",
									"subject": "other",
									"value": "wandering_trader"
								}
							]
						},
						"max_dist": 35,
						"must_see": false
					},
					{
						"filters": {
							"all_of": [
								{
									"test": "is_family",
									"subject": "other",
									"value": "baby_turtle"
								},
								{
									"test": "in_water",
									"subject": "other",
									"operator": "!=",
									"value": true
								}
							]
						},
						"max_dist": 35
					}
				],
				"must_see": true,
				"must_see_forget_duration": 17
			},
			"minecraft:physics": {},
			"minecraft:pushable": {
				"is_pushable": true,
				"is_pushable_by_piston": true
			}
		},
		"events": {
			"minecraft:entity_spawned": {
				"randomize": [
					{
						"add": {
							"component_groups": [
								"locdev:spawn_as_ground_commander"
							]
						},
						"queue_command": {
							"command": "title @a[r=30] actionbar §l§dCommander Deployed"
						},
						"weight": 5,
						"play_sound": {
							"sound": "block.end_portal.spawn"
						},
						"emit_particle": {
							"particle": "locdev:summon_low_value"
						}
					},
					{
						"add": {
							"component_groups": [
								"locdev:default"
							]
						},
						"weight": 80
					},
					{
						"add": {
							"component_groups": [
								"locdev:poison_afflicting"
							]
						},
						"weight": 10
					},
					{
						"add": {
							"component_groups": [
								"locdev:spawn_with_totem"
							]
						},
						"weight": 5
					}
				]
			},
			"minecraft:spawn_for_raid": {
				"add": {
					"component_groups": [
						"locdev:spawn_as_raid_reinforcement",
						"minecraft:raid_configuration",
						"minecraft:raid_persistence"
					]
				}
			},
			"locdev:spawn_as_garrison": {
				"add": {
					"component_groups": [
						"locdev:spawn_as_garrison"
					]
				}
			},
			"locdev:spawn_as_commander": {
				"add": {
					"component_groups": [
						"locdev:spawn_as_ground_commander"
					]
				}
			},
			"locdev:poison_afflicting": {
				"add": {
					"component_groups": [
						"locdev:poison_afflicting"
					]
				}
			},
			"locdev:spawn_with_totem": {
				"add": {
					"component_groups": [
						"locdev:spawn_with_totem"
					]
				}
			}
		}
	}
}