{
	"format_version": "1.20.80",
	"minecraft:entity": {
		"description": {
			"identifier": "locdev:cenarax_commander",
			"is_spawnable": true,
			"is_summonable": true,
			"is_experimental": false
		},
		"component_groups": {
			"minecraft:raid_configuration": {
				"minecraft:can_join_raid": {}
			},
			"locdev:raid_spawn": {
				"minecraft:addrider": {
					"entity_type": "locdev:cenarax_commander_rider",
					"spawn_event": "minecraft:spawn_for_raid"
				}
			}
		},
		"components": {
			"minecraft:addrider": {
				"entity_type": "locdev:cenarax_commander_rider"
			},
			"minecraft:damage_sensor": {
				"triggers": [
					{
						"on_damage": {
							"filters": {
								"test": "is_family",
								"subject": "other",
								"value": "Cenarax"
							}
						},
						"deals_damage": false
					}
				]
			},
			"minecraft:scale": {
				"value": 1.3
			},
			"minecraft:equipment": {
				"table": "loot_tables/chests/high_tier_loot.json",
				"slot_drop_chance": [
					{
						"drop_chance": 1,
						"slot": "slot.chest"
					}
				]
			},
			"minecraft:is_chested": {},
			"minecraft:strength": {
				"max": 5,
				"min": 2,
				"value": 4
			},
			"minecraft:inventory": {
				"additional_slots_per_strength": 2,
				"private": true,
				"inventory_size": 10,
				"container_type": "horse",
				"restrict_to_owner": true,
				"can_be_siphoned_from": false
			},
			"minecraft:behavior.mount_pathing": {
				"priority": 1
			},
			"minecraft:behavior.follow_owner": {
				"priority": 1
			},
			"minecraft:behavior.follow_target_captain": {
				"follow_distance": 10
			},
			"minecraft:behavior.nearest_attackable_target": {
				"priority": 2,
				"within_radius": 25,
				"reselect_targets": true,
				"entity_types": [
					{
						"filters": {
							"any_of": [
								{
									"test": "is_family",
									"subject": "other",
									"value": "player"
								},
								{
									"test": "is_family",
									"subject": "other",
									"value": "snowgolem"
								},
								{
									"test": "is_family",
									"subject": "other",
									"value": "irongolem"
								}
							]
						},
						"max_dist": 35
					},
					{
						"filters": {
							"any_of": [
								{
									"test": "is_family",
									"subject": "other",
									"value": "villager"
								},
								{
									"test": "is_family",
									"subject": "other",
									"value": "wandering_trader"
								}
							]
						},
						"max_dist": 35,
						"must_see": false
					},
					{
						"filters": {
							"all_of": [
								{
									"test": "is_family",
									"subject": "other",
									"value": "baby_turtle"
								},
								{
									"test": "in_water",
									"subject": "other",
									"operator": "!=",
									"value": true
								}
							]
						},
						"max_dist": 35
					}
				],
				"must_see": true,
				"must_see_forget_duration": 17
			},
			"minecraft:rideable": {
				"controlling_seat": 1,
				"family_types": [
					"cenarax_commander_rider"
				],
				"rider_can_interact": true,
				"seat_count": 1,
				"seats": {
					"position": [
						0,
						0.7,
						-0.35
					],
					"lock_rider_rotation": 0
				},
				"pull_in_entities": true,
				"interact_text": "Ride as captain"
			},
			"minecraft:movement": {
				"max": 1,
				"value": 0.3
			},
			"minecraft:nameable": {},
			"minecraft:horse.jump_strength": {
				"value": 2
			},
			"minecraft:type_family": {
				"family": [
					"Cenarax",
					"horse",
					"mob"
				]
			},
			"minecraft:experience_reward": {
				"on_death": 80
			},
			"minecraft:fire_immune": true,
			"minecraft:collision_box": {
				"width": 0.6,
				"height": 1.9
			},
			"minecraft:movement.basic": {},
			"minecraft:navigation.walk": {
				"is_amphibious": true,
				"can_pass_doors": true,
				"can_walk": true,
				"can_break_doors": true
			},
			"minecraft:jump.static": {},
			"minecraft:can_climb": {},
			"minecraft:health": {
				"value": 80,
				"max": 80
			},
			"minecraft:hurt_on_condition": {
				"damage_conditions": [
					{
						"filters": {
							"test": "in_lava",
							"subject": "self",
							"operator": "==",
							"value": true
						},
						"cause": "lava",
						"damage_per_tick": 4
					}
				]
			},
			"minecraft:behavior.random_stroll": {
				"priority": 6,
				"speed_multiplier": 1
			},
			"minecraft:behavior.look_at_player": {
				"priority": 7,
				"look_distance": 6,
				"probability": 0.02
			},
			"minecraft:behavior.random_look_around": {
				"priority": 7
			},
			"minecraft:behavior.hurt_by_target": {
				"priority": 1
			},
			"minecraft:physics": {},
			"minecraft:pushable": {
				"is_pushable": true,
				"is_pushable_by_piston": true
			}
		},
		"events": {
			"minecraft:entity_spawned": {
				"add": {
					"component_groups": [
						"minecraft:raid_configuration"
					]
				}
			},
			"minecraft:spawn_for_raid": {
				"add": {
					"component_groups": [
						"locdev:raid_spawn"
					]
				}
			}
		}
	}
}