{
	"format_version": "1.16.0",
	"minecraft:entity": {
		"description": {
			"identifier": "locdev:cenarax_guard_archer",
			"is_spawnable": true,
			"is_summonable": true,
			"is_experimental": false
		},
		"component_groups": {
			"locdev:spawn_tier_one": {
				"minecraft:equipment": {
					"table": "loot_tables/entities/gear/cenarax_ground_ranged_tier_one.json"
				},
				"minecraft:scale": {
					"value": 1
				},
				"minecraft:health": {
					"max": 20,
					"value": 20
				},
				"minecraft:behavior.follow_target_captain": {
					"follow_distance": 1,
					"priority": 1,
					"speed_multiplier": 1.2,
					"within_radius": 20
				}
			},
			"locdev:spawn_tier_two": {
				"minecraft:equipment": {
					"table": "loot_tables/entities/gear/cenarax_ground_ranged_tier_two.json"
				},
				"minecraft:scale": {
					"value": 1.1
				},
				"minecraft:health": {
					"max": 25,
					"value": 25
				},
				"minecraft:behavior.follow_target_captain": {
					"follow_distance": 1,
					"priority": 1,
					"speed_multiplier": 1.2,
					"within_radius": 20
				}
			},
			"locdev:spawn_tier_three": {
				"minecraft:equipment": {
					"table": "loot_tables/entities/gear/cenarax_ground_ranged_tier_three.json"
				},
				"minecraft:scale": {
					"value": 1.2
				},
				"minecraft:health": {
					"max": 30,
					"value": 30
				},
				"minecraft:behavior.follow_target_captain": {
					"follow_distance": 1,
					"priority": 1,
					"speed_multiplier": 1.2,
					"within_radius": 20
				}
			},
			"locdev:spawn_as_raid_reinforcement": {
				"minecraft:loot": {
					"table": "loot_tables/cenarax_raid_drops/raid_drops_cenarax.json"
				}
			},
			"locdev:spawn_as_patrol_follower": {
				"minecraft:experience_reward": {
					"on_death": 20
				}
			},
			"minecraft:raid_configuration": {
				"minecraft:dweller": {
					"dwelling_type": "village",
					"dweller_role": "hostile",
					"update_interval_base": 60,
					"update_interval_variant": 40,
					"can_find_poi": false,
					"can_migrate": true,
					"first_founding_reward": 0
				},
				"minecraft:behavior.move_to_village": {
					"priority": 5,
					"speed_multiplier": 1,
					"goal_radius": 2
				},
				"minecraft:ambient_sound_interval": {
					"value": 2,
					"range": 4,
					"event_name": "ambient.in.raid"
				}
			},
			"minecraft:raid_persistence": {
				"minecraft:persistent": {}
			},
			"minecraft:ranged_attack": {
				"minecraft:behavior.ranged_attack": {
					"priority": 0,
					"attack_interval_min": 1,
					"attack_interval_max": 3,
					"attack_radius": 15
				},
				"minecraft:shooter": {
					"def": "minecraft:arrow"
				},
				"minecraft:environment_sensor": {
					"triggers": [
						{
							"filters": {
								"test": "is_underwater",
								"subject": "self",
								"operator": "==",
								"value": true
							},
							"event": "minecraft:melee_mode"
						},
						{
							"filters": {
								"test": "has_ranged_weapon",
								"subject": "self",
								"operator": "==",
								"value": false
							},
							"event": "minecraft:melee_mode"
						}
					]
				}
			},
			"minecraft:melee_attack": {
				"minecraft:behavior.melee_attack": {
					"priority": 4,
					"track_target": true,
					"speed_multiplier": 1.25
				},
				"minecraft:attack": {
					"damage": 3
				},
				"minecraft:environment_sensor": {
					"triggers": [
						{
							"filters": {
								"all_of": [
									{
										"test": "in_water",
										"subject": "self",
										"operator": "==",
										"value": false
									},
									{
										"test": "has_ranged_weapon",
										"subject": "self",
										"operator": "==",
										"value": true
									}
								]
							},
							"event": "minecraft:ranged_mode"
						}
					]
				}
			}
		},
		"components": {
			"minecraft:damage_sensor": {
				"triggers": [
					{
						"on_damage": {
							"filters": {
								"test": "is_family",
								"subject": "other",
								"value": "Cenarax"
							}
						},
						"deals_damage": false
					},
					{
						"on_damage": {
							"filters": {
								"test": "is_family",
								"subject": "other",
								"value": "undead"
							}
						},
						"deals_damage": false
					}
				]
			},
			"minecraft:behavior.door_interact": {},
			"minecraft:behavior.open_door": {
				"close_door_after": true
			},
			"minecraft:annotation.open_door": {},
			"minecraft:experience_reward": {
				"on_death": "query.last_hit_by_player?5+(query.equipment_count*math.random(1,3)):0"
			},
			"minecraft:equip_item": {},
			"minecraft:collision_box": {
				"height": 1.9,
				"width": 0.6
			},
			"minecraft:type_family": {
				"family": [
					"skeleton",
					"undead",
					"monster",
					"Cenarax",
					"war_boar_rideable",
					"mob"
				]
			},
			"minecraft:health": {
				"value": 20,
				"max": 20
			},
			"minecraft:hurt_on_condition": {
				"damage_conditions": [
					{
						"filters": {
							"test": "in_lava",
							"subject": "self",
							"operator": "==",
							"value": true
						},
						"cause": "lava",
						"damage_per_tick": 4
					}
				]
			},
			"minecraft:loot": {
				"table": "loot_tables/default_drops_cenarax.json"
			},
			"minecraft:movement": {
				"value": 0.25
			},
			"minecraft:navigation.walk": {
				"is_amphibious": true,
				"avoid_sun": true,
				"avoid_water": true
			},
			"minecraft:movement.basic": {},
			"minecraft:jump.static": {},
			"minecraft:can_climb": {},
			"minecraft:nameable": {
				"always_show": false,
				"allow_name_tag_renaming": false
			},
			"minecraft:shooter": {
				"def": "minecraft:arrow"
			},
			"minecraft:environment_sensor": {
				"triggers": [
					{
						"filters": {
							"test": "is_underwater",
							"subject": "self",
							"operator": "==",
							"value": true
						},
						"event": "minecraft:melee_mode"
					},
					{
						"filters": {
							"test": "has_ranged_weapon",
							"subject": "self",
							"operator": "==",
							"value": false
						},
						"event": "minecraft:melee_mode"
					}
				]
			},
			"minecraft:despawn": {
				"despawn_from_distance": {}
			},
			"minecraft:behavior.ranged_attack": {
				"priority": 0,
				"attack_interval_min": 1,
				"attack_interval_max": 3,
				"attack_radius": 15
			},
			"minecraft:behavior.hurt_by_target": {
				"priority": 1,
				"alert_same_type": true,
				"entity_types": {
					"filters": {
						"any_of": [
							{
								"test": "is_family",
								"subject": "other",
								"operator": "!=",
								"value": "player"
							}
						]
					},
					"check_if_outnumbered": true,
					"sprint_speed_multiplier": 1.5,
					"walk_speed_multiplier": 1.2,
					"must_see": true,
					"max_dist": 64
				}
			},
			"minecraft:behavior.nearest_attackable_target": {
				"priority": 2,
				"must_see": true,
				"reselect_targets": true,
				"entity_types": [
					{
						"filters": {
							"any_of": [
								{
									"test": "is_family",
									"subject": "other",
									"value": "player"
								},
								{
									"test": "is_family",
									"subject": "other",
									"value": "wandering_trader"
								},
								{
									"test": "is_family",
									"subject": "other",
									"value": "irongolem"
								},
								{
									"test": "is_family",
									"subject": "other",
									"value": "snowgolem"
								},
								{
									"test": "is_family",
									"subject": "other",
									"value": "villager"
								}
							]
						},
						"max_dist": 16,
						"must_see": true
					},
					{
						"filters": {
							"test": "is_family",
							"subject": "other",
							"value": "irongolem"
						},
						"max_dist": 16
					},
					{
						"filters": {
							"all_of": [
								{
									"test": "is_family",
									"subject": "other",
									"value": "baby_turtle"
								},
								{
									"test": "in_water",
									"subject": "other",
									"operator": "!=",
									"value": true
								}
							]
						},
						"max_dist": 16
					}
				],
				"within_radius": 0,
				"must_reach": false
			},
			"minecraft:behavior.random_stroll": {
				"priority": 6,
				"speed_multiplier": 1
			},
			"minecraft:behavior.look_at_player": {
				"priority": 7,
				"look_distance": 8
			},
			"minecraft:behavior.random_look_around": {
				"priority": 8
			},
			"minecraft:physics": {},
			"minecraft:pushable": {
				"is_pushable": true,
				"is_pushable_by_piston": true
			},
			"minecraft:underwater_movement": {
				"value": 0.02
			},
			"minecraft:scale": {
				"value": 1
			},
			"minecraft:behavior.owner_hurt_by_target": {
				"priority": 1
			},
			"minecraft:behavior.owner_hurt_target": {
				"priority": 2
			},
			"minecraft:equipment": {
				"table": "loot_tables/entities/locdev_cenarax_guard_archer_equipment.json"
			}
		},
		"events": {
			"minecraft:entity_spawned": {
				"add": {
					"component_groups": [
						"minecraft:ranged_attack"
					]
				},
				"randomize": [
					{
						"add": {
							"component_groups": [
								"locdev:spawn_tier_one"
							]
						},
						"weight": 80
					},
					{
						"add": {
							"component_groups": [
								"locdev:spawn_tier_two"
							]
						},
						"weight": 15
					},
					{
						"add": {
							"component_groups": [
								"locdev:spawn_tier_three"
							]
						},
						"weight": 5
					}
				]
			},
			"minecraft:melee_mode": {
				"remove": {
					"component_groups": [
						"minecraft:ranged_attack"
					]
				},
				"add": {
					"component_groups": [
						"minecraft:melee_attack"
					]
				}
			},
			"minecraft:ranged_mode": {
				"remove": {
					"component_groups": [
						"minecraft:melee_attack"
					]
				},
				"add": {
					"component_groups": [
						"minecraft:ranged_attack"
					]
				}
			},
			"minecraft:spawn_for_raid": {
				"add": {
					"component_groups": [
						"locdev:spawn_as_raid_reinforcement",
						"minecraft:raid_configuration",
						"minecraft:raid_persistence"
					]
				}
			},
			"locdev:spawn_as_tier_one": {
				"add": {
					"component_groups": [
						"locdev:spawn_tier_one"
					]
				}
			},
			"locdev:spawn_as_tier_two": {
				"add": {
					"component_groups": [
						"locdev:spawn_tier_two"
					]
				}
			},
			"locdev:spawn_as_tier_three": {
				"add": {
					"component_groups": [
						"locdev:spawn_tier_three"
					]
				}
			}
		}
	}
}