{
	"format_version": "1.13.0",
	"minecraft:entity": {
		"description": {
			"identifier": "locdev:friendly_zombie_iron",
			"is_spawnable": false,
			"is_summonable": true,
			"is_experimental": false
		},
		"component_groups": {
			"locdev:friendly_zombie_baby": {
				"minecraft:is_baby": {},
				"minecraft:scale": {
					"value": 0.5
				},
				"minecraft:movement": {
					"value": 0.35
				}
			},
			"locdev:friendly_zombie_adult": {
				"minecraft:movement": {
					"value": 0.23
				},
				"minecraft:rideable": {
					"seat_count": 1,
					"family_types": [
						"friendly_zombie"
					],
					"seats": {
						"position": [
							0,
							1.1,
							-0.35
						],
						"lock_rider_rotation": 0
					}
				},
				"minecraft:behavior.mount_pathing": {
					"priority": 2,
					"speed_multiplier": 1.25,
					"target_dist": 0,
					"track_target": true
				}
			},
			"locdev:friendly_zombie_jockey": {
				"minecraft:behavior.find_mount": {
					"priority": 1,
					"within_radius": 16
				}
			}
		},
		"components": {
			"minecraft:tameable": {
				"tame_items": "minecraft:rotten_flesh",
				"probability": 1
			},
			"minecraft:damage_sensor": {
				"triggers": [
					{
						"on_damage": {
							"filters": {
								"test": "is_family",
								"subject": "other",
								"value": "player"
							}
						},
						"deals_damage": false
					}
				]
			},
			"minecraft:knockback_resistance": {
				"value": 0.5
			},
			"minecraft:nameable": {},
			"minecraft:type_family": {
				"family": [
					"friendly_zombie",
					"mob",
					"player"
				]
			},
			"minecraft:equipment": {
				"table": "loot_tables/entities/friendly_zombie_iron_gear.json"
			},
			"minecraft:collision_box": {
				"width": 0.6,
				"height": 1.9
			},
			"minecraft:movement.basic": {},
			"minecraft:navigation.walk": {
				"is_amphibious": true,
				"can_pass_doors": true,
				"can_walk": true,
				"can_break_doors": true
			},
			"minecraft:annotation.break_door": {},
			"minecraft:jump.static": {},
			"minecraft:can_climb": {},
			"minecraft:health": {
				"value": 20,
				"max": 20
			},
			"minecraft:hurt_on_condition": {
				"damage_conditions": [
					{
						"filters": {
							"test": "in_lava",
							"subject": "self",
							"operator": "==",
							"value": true
						},
						"cause": "lava",
						"damage_per_tick": 4
					}
				]
			},
			"minecraft:breathable": {
				"total_supply": 15,
				"suffocate_time": 0,
				"breathes_air": true,
				"breathes_water": true
			},
			"minecraft:attack": {
				"damage": 3
			},
			"minecraft:damage_over_time": {
				"damage_per_hurt": 1,
				"time_between_hurt": 7
			},
			"minecraft:loot": {
				"table": "loot_tables/entities/friendly_zombie.json"
			},
			"minecraft:behavior.melee_attack": {
				"priority": 3,
				"speed_multiplier": 1,
				"track_target": false
			},
			"minecraft:behavior.move_towards_restriction": {
				"priority": 5,
				"speed_multiplier": 1
			},
			"minecraft:behavior.random_stroll": {
				"priority": 6,
				"speed_multiplier": 1
			},
			"minecraft:behavior.look_at_player": {
				"priority": 7,
				"look_distance": 6,
				"probability": 0.02
			},
			"minecraft:behavior.random_look_around": {
				"priority": 7
			},
			"minecraft:behavior.hurt_by_target": {
				"priority": 1
			},
			"minecraft:behavior.nearest_attackable_target": {
				"priority": 2,
				"within_radius": 25,
				"reselect_targets": true,
				"entity_types": [
					{
						"filters": {
							"any_of": [
								{
									"test": "is_family",
									"subject": "other",
									"value": "cenarax"
								},
								{
									"test": "is_family",
									"subject": "other",
									"value": "monster"
								},
								{
									"test": "is_family",
									"subject": "other",
									"value": "illager"
								}
							]
						},
						"max_dist": 35
					}
				],
				"must_see": true,
				"must_see_forget_duration": 17
			},
			"minecraft:physics": {},
			"minecraft:pushable": {
				"is_pushable": true,
				"is_pushable_by_piston": true
			}
		},
		"events": {
			"minecraft:entity_spawned": {
				"randomize": [
					{
						"weight": 380,
						"remove": {},
						"add": {
							"component_groups": [
								"locdev:friendly_zombie_adult"
							]
						}
					},
					{
						"weight": 17,
						"remove": {},
						"add": {
							"component_groups": [
								"locdev:friendly_zombie_baby"
							]
						}
					},
					{
						"weight": 3,
						"remove": {},
						"add": {
							"component_groups": [
								"locdev:friendly_zombie_baby",
								"locdev:friendly_zombie_jockey"
							]
						}
					}
				]
			},
			"locdev:as_adult": {
				"add": {
					"component_groups": [
						"locdev:friendly_zombie_adult"
					]
				}
			},
			"locdev:as_baby": {
				"add": {
					"component_groups": [
						"locdev:friendly_zombie_baby"
					]
				}
			}
		}
	}
}