{
	"format_version": "1.20.80",
	"minecraft:entity": {
		"description": {
			"identifier": "locdev:haunt",
			"is_spawnable": true,
			"is_summonable": true,
			"is_experimental": false
		},
		"component_groups": {},
		"components": {
			"minecraft:ground_offset": {
				"value": 1
			},
			"minecraft:damage_sensor": {
				"triggers": [
					{
						"on_damage": {
							"filters": {
								"test": "is_family",
								"subject": "other",
								"value": "Cenarax"
							}
						},
						"deals_damage": false
					},
					{
						"on_damage": {
							"filters": {
								"test": "is_family",
								"subject": "other",
								"value": "undead"
							}
						},
						"deals_damage": false
					}
				]
			},
			"minecraft:experience_reward": {
				"on_death": "query.last_hit_by_player?5+(query.equipment_count*math.random(1,3)):0"
			},
			"minecraft:equip_item": {},
			"minecraft:collision_box": {
				"height": 1.9,
				"width": 0.6
			},
			"minecraft:type_family": {
				"family": [
					"Cenarax",
					"haunt",
					"skeleton",
					"undead",
					"monster",
					"mob"
				]
			},
			"minecraft:health": {
				"value": 40,
				"max": 40
			},
			"minecraft:hurt_on_condition": {
				"damage_conditions": [
					{
						"filters": {
							"test": "in_lava",
							"subject": "self",
							"operator": "==",
							"value": true
						},
						"cause": "lava",
						"damage_per_tick": 4
					}
				]
			},
			"minecraft:loot": {
				"table": "loot_tables/entities/haunt.json"
			},
			"minecraft:movement": {
				"value": 0.25
			},
			"minecraft:navigation.hover": {
				"avoid_water": true,
				"avoid_portals": true,
				"avoid_damage_blocks": true,
				"avoid_sun": false,
				"can_break_doors": false,
				"can_path_from_air": true,
				"can_float": true,
				"can_open_doors": false
			},
			"minecraft:movement.basic": {},
			"minecraft:jump.static": {},
			"minecraft:can_climb": {},
			"minecraft:nameable": {
				"always_show": false,
				"allow_name_tag_renaming": true
			},
			"minecraft:despawn": {
				"despawn_from_distance": {},
				"remove_child_entities": false
			},
			"minecraft:behavior.hurt_by_target": {
				"priority": 1,
				"alert_same_type": true,
				"entity_types": {
					"filters": {
						"any_of": [
							{
								"test": "is_family",
								"subject": "other",
								"operator": "!=",
								"value": "player"
							}
						]
					},
					"check_if_outnumbered": true,
					"sprint_speed_multiplier": 1.5,
					"walk_speed_multiplier": 1.2,
					"must_see": true,
					"max_dist": 64
				}
			},
			"minecraft:behavior.nearest_attackable_target": {
				"priority": 2,
				"must_see": true,
				"reselect_targets": true,
				"entity_types": [
					{
						"filters": {
							"any_of": [
								{
									"test": "is_family",
									"subject": "other",
									"value": "player"
								},
								{
									"test": "is_family",
									"subject": "other",
									"value": "wandering_trader"
								},
								{
									"test": "is_family",
									"subject": "other",
									"value": "irongolem"
								},
								{
									"test": "is_family",
									"subject": "other",
									"value": "snowgolem"
								},
								{
									"test": "is_family",
									"subject": "other",
									"value": "villager"
								}
							]
						},
						"max_dist": 30,
						"must_see": true
					},
					{
						"filters": {
							"test": "is_family",
							"subject": "other",
							"value": "irongolem"
						},
						"max_dist": 16
					},
					{
						"filters": {
							"all_of": [
								{
									"test": "is_family",
									"subject": "other",
									"value": "baby_turtle"
								},
								{
									"test": "in_water",
									"subject": "other",
									"operator": "!=",
									"value": true
								}
							]
						},
						"max_dist": 16
					}
				],
				"within_radius": 0,
				"must_reach": false
			},
			"minecraft:behavior.random_stroll": {
				"priority": 6,
				"speed_multiplier": 1
			},
			"minecraft:behavior.random_hover": {
				"hover_height": [
					1,
					2
				],
				"interval": 1,
				"y_offset": 0,
				"y_dist": 7
			},
			"minecraft:behavior.look_at_player": {
				"priority": 7,
				"look_distance": 8
			},
			"minecraft:behavior.random_look_around": {
				"priority": 8
			},
			"minecraft:physics": {},
			"minecraft:pushable": {
				"is_pushable": true,
				"is_pushable_by_piston": true
			},
			"minecraft:underwater_movement": {
				"value": 0.02
			},
			"minecraft:scale": {
				"value": 1
			},
			"minecraft:attack": {
				"damage": 6,
				"effect_name": "wither",
				"effect_duration": 3
			},
			"minecraft:behavior.melee_attack": {
				"priority": 2,
				"speed_multiplier": 1,
				"look_distance": 0,
				"random_stop_interval": 100,
				"track_target": true,
				"reach_multiplier": 1.4
			},
			"minecraft:behavior.owner_hurt_by_target": {
				"priority": 1
			},
			"minecraft:behavior.owner_hurt_target": {
				"priority": 2
			}
		},
		"events": {}
	}
}