{
	"format_version": "1.16.0",
	"minecraft:entity": {
		"description": {
			"identifier": "locdev:king_undead",
			"is_spawnable": true,
			"is_summonable": true,
			"is_experimental": false
		},
		"component_groups": {
			"locdev:roar": {
				"minecraft:behavior.knockback_roar": {
					"knockback_damage": 6,
					"duration": 1,
					"knockback_range": 6,
					"knockback_strength": 8,
					"attack_time": 0.5,
					"cooldown_time": 100,
					"knockback_filters": {},
					"damage_filters": {
						"all_of": [
							{
								"subject": "other",
								"test": "is_family",
								"value": "Cenarax",
								"operator": "not"
							},
							{
								"subject": "other",
								"test": "is_family",
								"value": "illager",
								"operator": "not"
							}
						]
					},
					"on_roar_end": {
						"event": "locdev:roar_end",
						"target": "self",
						"filters": [
							{
								"subject": "self",
								"test": "is_family",
								"value": "king_undead"
							}
						]
					}
				}
			},
			"locdev:charge": {
				"minecraft:behavior.charge_attack": {
					"max_distance": 3,
					"min_distance": 1,
					"speed_multiplier": 2,
					"success_rate": 0.1428,
					"priority": 1
				}
			},
			"locdev:stomp": {
				"minecraft:behavior.stomp_attack": {
					"attack_once": false,
					"cooldown_time": 10,
					"track_target": false,
					"set_persistent": false,
					"speed_multiplier": 1.3,
					"reach_multiplier": 2,
					"min_path_time": 0.2,
					"path_outer_boundary": 32,
					"path_inner_boundary": 16,
					"on_attack": {
						"event": "locdev:stomp_end"
					}
				}
			},
			"locdev:regen": {
				"minecraft:spell_effects": {
					"add_effects": [
						{
							"effect": "regeneration",
							"amplifier": 5,
							"duration": 10,
							"visible": true,
							"display_on_screen_animation": true
						}
					]
				}
			}
		},
		"components": {
			"minecraft:movement": {
				"max": 0.25,
				"value": 0.25
			},
			"minecraft:movement.basic": {},
			"minecraft:navigation.walk": {
				"is_amphibious": true,
				"can_pass_doors": true,
				"can_walk": true,
				"can_break_doors": true
			},
			"minecraft:physics": {},
			"minecraft:pushable": {
				"is_pushable": true,
				"is_pushable_by_piston": true
			},
			"minecraft:boss": {
				"hud_range": 100,
				"name": "§d§kMM§r§dKing of the Undead§kMM§r",
				"should_darken_sky": true
			},
			"minecraft:scale": {
				"value": 1.5
			},
			"minecraft:annotation.break_door": {},
			"minecraft:jump.static": {},
			"minecraft:can_climb": {},
			"minecraft:health": {
				"value": 750,
				"max": 750
			},
			"minecraft:fire_immune": true,
			"minecraft:nameable": {},
			"minecraft:type_family": {
				"family": [
					"king_undead",
					"Cenarax",
					"monster",
					"undead",
					"mob"
				]
			},
			"minecraft:equipment": {
				"table": "loot_tables/entities/boss_gear/king_undead_gear.json"
			},
			"minecraft:loot": {
				"table": "loot_tables/entities/boss_drops/king_undead_drops.json"
			},
			"minecraft:knockback_resistance": {
				"max": 2,
				"value": 2
			},
			"minecraft:collision_box": {
				"width": 0.6,
				"height": 1.9
			},
			"minecraft:damage_sensor": {
				"triggers": [
					{
						"on_damage": {
							"filters": {
								"test": "is_family",
								"subject": "other",
								"value": "Cenarax"
							}
						},
						"deals_damage": false
					},
					{
						"on_damage": {
							"filters": {
								"test": "is_family",
								"subject": "other",
								"value": "undead"
							}
						},
						"deals_damage": false
					}
				]
			},
			"minecraft:experience_reward": {
				"on_death": 8000
			},
			"minecraft:breathable": {
				"total_supply": 15,
				"suffocate_time": 0,
				"breathes_air": true,
				"breathes_water": true
			},
			"minecraft:mob_effect": {
				"effect_range": 10,
				"mob_effect": "strength",
				"effect_time": 11,
				"entity_filter": {
					"none_of": [
						{
							"test": "is_family",
							"value": "villager",
							"operator": "equals"
						},
						{
							"test": "is_family",
							"value": "player",
							"operator": "equals"
						}
					],
					"all_of": []
				}
			},
			"minecraft:timer": {
				"looping": true,
				"time": 30,
				"time_down_event": {
					"event": "locdev:time_down_event"
				}
			},
			"minecraft:attack": {
				"damage": 10
			},
			"minecraft:behavior.melee_attack": {
				"priority": 3,
				"speed_multiplier": 1,
				"track_target": false
			},
			"minecraft:behavior.hurt_by_target": {
				"priority": 1,
				"alert_same_type": true,
				"entity_types": {
					"filters": {
						"any_of": [
							{
								"test": "is_family",
								"subject": "other",
								"operator": "!=",
								"value": "player"
							}
						]
					},
					"check_if_outnumbered": true,
					"sprint_speed_multiplier": 1.5,
					"walk_speed_multiplier": 1.2,
					"must_see": true,
					"max_dist": 64
				}
			},
			"minecraft:behavior.nearest_attackable_target": {
				"priority": 2,
				"within_radius": 25,
				"reselect_targets": true,
				"target_invisible_multiplier": 0.7,
				"persist_time": 1,
				"set_persistent": false,
				"entity_types": [
					{
						"filters": {
							"any_of": [
								{
									"test": "is_family",
									"subject": "other",
									"value": "player"
								},
								{
									"test": "is_family",
									"subject": "other",
									"value": "snowgolem"
								},
								{
									"test": "is_family",
									"subject": "other",
									"value": "irongolem"
								}
							]
						},
						"max_dist": 35,
						"check_if_outnumbered": true
					},
					{
						"filters": {
							"any_of": [
								{
									"test": "is_family",
									"subject": "other",
									"value": "villager"
								},
								{
									"test": "is_family",
									"subject": "other",
									"value": "wandering_trader"
								}
							]
						},
						"max_dist": 35,
						"must_see": false
					},
					{
						"filters": {
							"all_of": [
								{
									"test": "is_family",
									"subject": "other",
									"value": "baby_turtle"
								},
								{
									"test": "in_water",
									"subject": "other",
									"operator": "!=",
									"value": true
								}
							]
						},
						"max_dist": 35
					}
				],
				"must_see": true,
				"must_see_forget_duration": 17
			},
			"minecraft:behavior.summon_entity": {
				"priority": 2,
				"summon_choices": [
					{
						"min_activation_range": 0,
						"max_activation_range": 3,
						"cooldown_time": 5,
						"weight": 20,
						"cast_duration": 2,
						"particle_color": "#ffffff",
						"start_sound_event": "cast.spell",
						"sequence": [
							{
								"shape": "circle",
								"target": "self",
								"base_delay": 1,
								"delay_per_summon": 0,
								"num_entities_spawned": 4,
								"entity_type": "evocation_fang",
								"size": 1,
								"entity_lifespan": -1,
								"sound_event": "prepare.attack"
							},
							{
								"shape": "circle",
								"target": "self",
								"base_delay": 1,
								"delay_per_summon": 0,
								"num_entities_spawned": 8,
								"entity_type": "evocation_fang",
								"size": 2,
								"entity_lifespan": -1,
								"sound_event": "prepare.attack"
							},
							{
								"shape": "circle",
								"target": "self",
								"base_delay": 1,
								"delay_per_summon": 0,
								"num_entities_spawned": 12,
								"entity_type": "evocation_fang",
								"size": 3,
								"entity_lifespan": -1,
								"sound_event": "prepare.attack"
							},
							{
								"shape": "circle",
								"target": "self",
								"base_delay": 1,
								"delay_per_summon": 0,
								"num_entities_spawned": 16,
								"entity_type": "evocation_fang",
								"size": 4,
								"entity_lifespan": -1,
								"sound_event": "prepare.attack"
							},
							{
								"shape": "circle",
								"target": "self",
								"base_delay": 1,
								"delay_per_summon": 0,
								"num_entities_spawned": 20,
								"entity_type": "evocation_fang",
								"size": 5,
								"entity_lifespan": -1,
								"sound_event": "prepare.attack"
							}
						]
					},
					{
						"min_activation_range": 0,
						"max_activation_range": 50,
						"cooldown_time": 5,
						"weight": 20,
						"cast_duration": 2,
						"particle_color": "#ffffff",
						"start_sound_event": "cast.spell",
						"sequence": [
							{
								"shape": "circle",
								"target": "self",
								"base_delay": 1,
								"delay_per_summon": 0,
								"num_entities_spawned": 10,
								"entity_type": "minecraft:zombie",
								"size": 10,
								"entity_lifespan": -1,
								"sound_event": "prepare.attack"
							},
							{
								"shape": "circle",
								"target": "self",
								"base_delay": 1,
								"delay_per_summon": 0,
								"num_entities_spawned": 1,
								"entity_type": "locdev:cenarax_royal_guard",
								"size": 6,
								"entity_lifespan": -1,
								"sound_event": "prepare.attack"
							},
							{
								"shape": "circle",
								"target": "self",
								"base_delay": 1,
								"delay_per_summon": 0,
								"num_entities_spawned": 2,
								"entity_type": "locdev:war_boar",
								"size": 12,
								"entity_lifespan": -1,
								"sound_event": "prepare.attack"
							}
						]
					},
					{
						"min_activation_range": 0,
						"max_activation_range": 50,
						"cooldown_time": 5,
						"weight": 55,
						"cast_duration": 2,
						"particle_color": "#ffffff",
						"start_sound_event": "cast.spell",
						"sequence": [
							{
								"shape": "circle",
								"target": "self",
								"base_delay": 1,
								"delay_per_summon": 0,
								"num_entities_spawned": 5,
								"entity_type": "minecraft:skeleton",
								"size": 4,
								"entity_lifespan": -1,
								"sound_event": "prepare.attack"
							},
							{
								"shape": "circle",
								"target": "self",
								"base_delay": 1,
								"delay_per_summon": 0,
								"num_entities_spawned": 3,
								"entity_type": "locdev:cenarax_melee_footsoldier",
								"size": 5,
								"entity_lifespan": -1,
								"sound_event": "prepare.attack"
							},
							{
								"shape": "circle",
								"target": "self",
								"base_delay": 1,
								"delay_per_summon": 0,
								"num_entities_spawned": 1,
								"entity_type": "locdev:knight_undead",
								"size": 7,
								"entity_lifespan": -1,
								"sound_event": "prepare.attack"
							}
						]
					},
					{
						"min_activation_range": 0,
						"max_activation_range": 50,
						"cooldown_time": 5,
						"weight": 1,
						"cast_duration": 2,
						"particle_color": "#ffffff",
						"start_sound_event": "cast.spell",
						"sequence": [
							{
								"shape": "circle",
								"target": "self",
								"base_delay": 1,
								"delay_per_summon": 0,
								"num_entities_spawned": 1,
								"entity_type": "locdev:necromancer",
								"size": 1,
								"entity_lifespan": -1,
								"sound_event": "prepare.attack"
							}
						]
					},
					{
						"min_activation_range": 0,
						"max_activation_range": 50,
						"cooldown_time": 5,
						"weight": 20,
						"cast_duration": 2,
						"particle_color": "#ffffff",
						"start_sound_event": "cast.spell",
						"sequence": [
							{
								"shape": "circle",
								"target": "self",
								"base_delay": 1,
								"delay_per_summon": 0,
								"num_entities_spawned": 5,
								"entity_type": "minecraft:bogged",
								"size": 10,
								"entity_lifespan": -1,
								"sound_event": "prepare.attack"
							}
						]
					}
				]
			}
		},
		"events": {
			"minecraft:entity_spawned": {
				"queue_command": {
					"command": "weather thunder"
				},
				"sequence": [
					{
						"queue_command": {
							"command": "playsound record.otherside @a[r=55] ~~~"
						}
					}
				]
			},
			"locdev:time_down_event": {
				"randomize": [
					{
						"emit_particle": {
							"particle": "locdev:king_undead_shockwave"
						},
						"queue_command": {
							"command": "particle locdev:king_undead_shockwave ~~~",
							"target": "self"
						},
						"add": {
							"component_groups": [
								"locdev:roar"
							]
						},
						"play_sound": {
							"sound": "mob.ravager.roar"
						},
						"weight": 1
					},
					{
						"add": {
							"component_groups": [
								"locdev:regen"
							]
						},
						"emit_particle": {
							"particle": "locdev:king_undead_heal"
						},
						"weight": 1
					}
				]
			},
			"locdev:roar_end": {
				"emit_particle": {
					"particle": "locdev:king_undead_shockwave"
				},
				"remove": {
					"component_groups": [
						"locdev:roar"
					]
				},
				"randomize": [
					{
						"queue_command": {
							"command": "function king_undead_roar_end",
							"target": "self"
						},
						"weight": 1
					}
				]
			},
			"locdev:stomp_end": {
				"remove": {
					"component_groups": [
						"locdev:stomp"
					]
				}
			}
		}
	}
}