{
	"format_version": "1.21.0",
	"minecraft:entity": {
		"description": {
			"identifier": "locdev:knight_undead",
			"spawn_category": "monster",
			"is_spawnable": true,
			"is_summonable": true,
			"is_experimental": false
		},
		"component_groups": {
			"minecraft:lightning_immune": {
				"minecraft:damage_sensor": {
					"triggers": {
						"on_damage": {
							"filters": {
								"other_with_families": "lightning"
							}
						},
						"deals_damage": false
					}
				}
			},
			"minecraft:melee_attack": {
				"minecraft:behavior.melee_box_attack": {
					"priority": 4,
					"track_target": true,
					"speed_multiplier": 1.25
				},
				"minecraft:environment_sensor": {
					"triggers": [
						{
							"filters": {
								"all_of": [
									{
										"test": "in_water",
										"subject": "self",
										"operator": "==",
										"value": false
									},
									{
										"test": "has_ranged_weapon",
										"subject": "self",
										"operator": "==",
										"value": true
									}
								]
							},
							"event": "minecraft:ranged_mode"
						},
						{
							"filters": {
								"test": "in_block",
								"subject": "self",
								"operator": "==",
								"value": "minecraft:powder_snow"
							},
							"event": "got_in_powder_snow"
						}
					]
				}
			}
		},
		"components": {
			"minecraft:damage_sensor": {
				"triggers": [
					{
						"on_damage": {
							"filters": {
								"test": "is_family",
								"subject": "other",
								"value": "Cenarax"
							}
						},
						"deals_damage": false
					},
					{
						"on_damage": {
							"filters": {
								"test": "is_family",
								"subject": "other",
								"value": "undead"
							}
						},
						"deals_damage": false
					}
				]
			},
			"minecraft:behavior.door_interact": {},
			"minecraft:behavior.open_door": {
				"close_door_after": true
			},
			"minecraft:annotation.open_door": {},
			"minecraft:is_hidden_when_invisible": {},
			"minecraft:experience_reward": {
				"on_death": "query.last_hit_by_player?5+(query.equipment_count*math.random(1,3)):0"
			},
			"minecraft:equip_item": {},
			"minecraft:collision_box": {
				"height": 1.9,
				"width": 0.6
			},
			"minecraft:type_family": {
				"family": [
					"skeleton",
					"undead",
					"monster",
					"Cenarax",
					"war_boar_rideable",
					"mob"
				]
			},
			"minecraft:health": {
				"value": 50,
				"max": 50
			},
			"minecraft:hurt_on_condition": {
				"damage_conditions": [
					{
						"filters": {
							"test": "in_lava",
							"subject": "self",
							"operator": "==",
							"value": true
						},
						"cause": "lava",
						"damage_per_tick": 4
					}
				]
			},
			"minecraft:loot": {
				"table": "loot_tables/default_drops_cenarax.json"
			},
			"minecraft:movement": {
				"value": 0.25
			},
			"minecraft:navigation.walk": {
				"is_amphibious": true,
				"avoid_sun": true,
				"avoid_water": true
			},
			"minecraft:movement.basic": {},
			"minecraft:jump.static": {},
			"minecraft:can_climb": {},
			"minecraft:nameable": {
				"always_show": false,
				"allow_name_tag_renaming": true
			},
			"minecraft:despawn": {
				"despawn_from_distance": {}
			},
			"minecraft:behavior.hurt_by_target": {
				"priority": 1,
				"alert_same_type": true,
				"entity_types": {
					"filters": {
						"any_of": [
							{
								"test": "is_family",
								"subject": "other",
								"operator": "!=",
								"value": "Cenarax"
							}
						]
					},
					"max_dist": 64
				}
			},
			"minecraft:behavior.nearest_attackable_target": {
				"priority": 2,
				"must_see": true,
				"reselect_targets": true,
				"entity_types": [
					{
						"filters": {
							"any_of": [
								{
									"test": "is_family",
									"subject": "other",
									"value": "player"
								},
								{
									"test": "is_family",
									"subject": "other",
									"value": "wandering_trader"
								},
								{
									"test": "is_family",
									"subject": "other",
									"value": "irongolem"
								},
								{
									"test": "is_family",
									"subject": "other",
									"value": "snowgolem"
								},
								{
									"test": "is_family",
									"subject": "other",
									"value": "villager"
								}
							]
						},
						"max_dist": 16,
						"must_see": true
					},
					{
						"filters": {
							"test": "is_family",
							"subject": "other",
							"value": "irongolem"
						},
						"max_dist": 16
					},
					{
						"filters": {
							"all_of": [
								{
									"test": "is_family",
									"subject": "other",
									"value": "baby_turtle"
								},
								{
									"test": "in_water",
									"subject": "other",
									"operator": "!=",
									"value": true
								}
							]
						},
						"max_dist": 16
					}
				],
				"within_radius": 0,
				"must_reach": false
			},
			"minecraft:behavior.random_stroll": {
				"priority": 6,
				"speed_multiplier": 1
			},
			"minecraft:behavior.look_at_player": {
				"priority": 7,
				"look_distance": 8
			},
			"minecraft:behavior.random_look_around": {
				"priority": 8
			},
			"minecraft:physics": {},
			"minecraft:pushable": {
				"is_pushable": true,
				"is_pushable_by_piston": true
			},
			"minecraft:conditional_bandwidth_optimization": {},
			"minecraft:underwater_movement": {
				"value": 0.02
			},
			"minecraft:scale": {
				"value": 1
			},
			"minecraft:attack": {
				"damage": 3
			},
			"minecraft:behavior.melee_attack": {
				"priority": 2,
				"speed_multiplier": 1,
				"target_dist": 0,
				"max_dist": 3,
				"random_stop_interval": 100,
				"track_target": true,
				"reach_multiplier": 1.4
			},
			"minecraft:behavior.owner_hurt_by_target": {
				"priority": 1
			},
			"minecraft:behavior.owner_hurt_target": {
				"priority": 2
			},
			"minecraft:equipment": {
				"table": "loot_tables/entities/locdev_knight_undead_equipment.json"
			}
		},
		"events": {
			"minecraft:entity_spawned": {
				"add": {
					"component_groups": [
						"minecraft:ranged_attack"
					]
				}
			},
			"minecraft:spring_trap": {
				"add": {
					"component_groups": [
						"minecraft:lightning_immune"
					]
				}
			}
		}
	}
}