{
	"format_version": "1.13.0",
	"minecraft:entity": {
		"description": {
			"identifier": "locdev:luminous_knight",
			"is_spawnable": true,
			"is_summonable": true,
			"is_experimental": false
		},
		"component_groups": {
			"locdev:spawn_as_raid_boss": {
				"minecraft:is_illager_captain": {},
				"minecraft:nameable": {
					"allow_name_tag_renaming": false
				},
				"minecraft:can_join_raid": true
			},
			"minecraft:raid_configuration": {
				"minecraft:dweller": {
					"dwelling_type": "village",
					"dweller_role": "hostile",
					"update_interval_base": 60,
					"update_interval_variant": 40,
					"can_find_poi": false,
					"can_migrate": true,
					"first_founding_reward": 0
				},
				"minecraft:behavior.move_to_village": {
					"priority": 5,
					"speed_multiplier": 1,
					"goal_radius": 2
				},
				"minecraft:ambient_sound_interval": {
					"value": 2,
					"range": 4,
					"event_name": "ambient.in.raid"
				}
			},
			"minecraft:raid_persistence": {
				"minecraft:persistent": {}
			}
		},
		"components": {
			"minecraft:damage_sensor": {
				"triggers": [
					{
						"on_damage": {
							"filters": {
								"test": "is_family",
								"subject": "other",
								"value": "Cenarax"
							}
						},
						"deals_damage": false
					},
					{
						"on_damage": {
							"filters": {
								"test": "is_family",
								"subject": "other",
								"value": "undead"
							}
						},
						"deals_damage": false
					}
				]
			},
			"minecraft:nameable": {},
			"minecraft:fire_immune": true,
			"minecraft:experience_reward": {
				"on_death": 300
			},
			"minecraft:movement": {
				"max": 0.25,
				"value": 0.25
			},
			"minecraft:is_illager_captain": {},
			"minecraft:can_join_raid": {},
			"minecraft:boss": {
				"hud_range": 55,
				"name": "§bLuminous Knight",
				"should_darken_sky": false
			},
			"minecraft:type_family": {
				"family": [
					"undead",
					"mob",
					"luminous_knight",
					"Cenarax",
					"hostile",
					"skeleton"
				]
			},
			"minecraft:collision_box": {
				"width": 0.6,
				"height": 1.9
			},
			"minecraft:scale": {
				"value": 1.5
			},
			"minecraft:knockback_resistance": {
				"max": 10,
				"value": 10
			},
			"minecraft:movement.basic": {},
			"minecraft:navigation.walk": {
				"is_amphibious": true,
				"can_pass_doors": true,
				"can_walk": true,
				"can_break_doors": true
			},
			"minecraft:annotation.break_door": {},
			"minecraft:jump.static": {},
			"minecraft:can_climb": {},
			"minecraft:health": {
				"value": 200,
				"max": 200
			},
			"minecraft:hurt_on_condition": {
				"damage_conditions": [
					{
						"filters": {
							"test": "in_lava",
							"subject": "self",
							"operator": "==",
							"value": true
						},
						"cause": "lava",
						"damage_per_tick": 4
					}
				]
			},
			"minecraft:breathable": {
				"total_supply": 15,
				"suffocate_time": 0,
				"breathes_air": true,
				"breathes_water": true
			},
			"minecraft:attack": {
				"damage": 10
			},
			"minecraft:loot": {
				"table": "loot_tables/entities/luminous_knight.json"
			},
			"minecraft:equipment": {
				"table": "loot_tables/entities/luminous_knight_gear.json"
			},
			"minecraft:behavior.melee_attack": {
				"priority": 3,
				"speed_multiplier": 1,
				"track_target": false
			},
			"minecraft:behavior.move_towards_restriction": {
				"priority": 5,
				"speed_multiplier": 1
			},
			"minecraft:behavior.random_stroll": {
				"priority": 6,
				"speed_multiplier": 1
			},
			"minecraft:behavior.look_at_player": {
				"priority": 7,
				"look_distance": 6,
				"probability": 0.02
			},
			"minecraft:behavior.random_look_around": {
				"priority": 7
			},
			"minecraft:behavior.hurt_by_target": {
				"priority": 1,
				"alert_same_type": true,
				"entity_types": {
					"filters": {
						"any_of": [
							{
								"test": "is_family",
								"subject": "other",
								"operator": "!=",
								"value": "Cenarax"
							}
						]
					},
					"max_dist": 64
				}
			},
			"minecraft:behavior.nearest_attackable_target": {
				"priority": 2,
				"within_radius": 25,
				"reselect_targets": true,
				"entity_types": [
					{
						"filters": {
							"any_of": [
								{
									"test": "is_family",
									"subject": "other",
									"value": "player"
								},
								{
									"test": "is_family",
									"subject": "other",
									"value": "snowgolem"
								},
								{
									"test": "is_family",
									"subject": "other",
									"value": "irongolem"
								}
							]
						},
						"max_dist": 35
					},
					{
						"filters": {
							"any_of": [
								{
									"test": "is_family",
									"subject": "other",
									"value": "villager"
								},
								{
									"test": "is_family",
									"subject": "other",
									"value": "wandering_trader"
								}
							]
						},
						"max_dist": 35,
						"must_see": false
					},
					{
						"filters": {
							"all_of": [
								{
									"test": "is_family",
									"subject": "other",
									"value": "baby_turtle"
								},
								{
									"test": "in_water",
									"subject": "other",
									"operator": "!=",
									"value": true
								}
							]
						},
						"max_dist": 35
					}
				],
				"must_see": true,
				"must_see_forget_duration": 17
			},
			"minecraft:physics": {},
			"minecraft:pushable": {
				"is_pushable": true,
				"is_pushable_by_piston": true
			}
		},
		"events": {
			"minecraft:entity_spawned": {},
			"minecraft:spawn_for_raid": {
				"add": {
					"component_groups": [
						"locdev:spawn_as_raid_boss",
						"minecraft:raid_configuration",
						"minecraft:raid_persistence"
					]
				}
			}
		}
	}
}