{
	"format_version": "1.21.50",
	"minecraft:entity": {
		"description": {
			"identifier": "locdev:necromancer",
			"is_spawnable": true,
			"is_summonable": true,
			"is_experimental": false
		},
		"component_groups": {
			"locdev:spawn_as_raid_boss": {
				"minecraft:health": {
					"max": 200,
					"value": 200
				},
				"minecraft:is_illager_captain": {},
				"minecraft:boss": {
					"hud_range": 55,
					"name": "§6§kMM§r§6Necromancer§kMM§r",
					"should_darken_sky": true
				}
			},
			"minecraft:raid_configuration": {
				"minecraft:dweller": {
					"dwelling_type": "village",
					"dweller_role": "hostile",
					"update_interval_base": 60,
					"update_interval_variant": 40,
					"can_find_poi": false,
					"can_migrate": true,
					"first_founding_reward": 0
				},
				"minecraft:behavior.move_to_village": {
					"priority": 5,
					"speed_multiplier": 1,
					"goal_radius": 2
				},
				"minecraft:ambient_sound_interval": {
					"value": 2,
					"range": 4,
					"event_name": "ambient.in.raid"
				}
			},
			"minecraft:raid_persistence": {
				"minecraft:persistent": {}
			}
		},
		"components": {
			"minecraft:behavior.door_interact": {},
			"minecraft:behavior.open_door": {
				"close_door_after": true
			},
			"minecraft:annotation.open_door": {},
			"minecraft:health": {
				"value": 200,
				"max": 200
			},
			"minecraft:boss": {
				"hud_range": 55,
				"name": "§6§kMM§r§6Necromancer§kMM§r",
				"should_darken_sky": true
			},
			"minecraft:knockback_resistance": {
				"max": 1,
				"value": 1
			},
			"minecraft:equipment": {
				"table": "loot_tables/entities/miniboss_gear/summoner.json"
			},
			"minecraft:loot": {
				"table": "loot_tables/entities/miniboss_drops/summoner_drops.json"
			},
			"minecraft:equip_item": {},
			"minecraft:is_hidden_when_invisible": {},
			"minecraft:experience_reward": {
				"on_death": 100
			},
			"minecraft:type_family": {
				"family": [
					"summoner",
					"monster",
					"undead",
					"mob",
					"Cenarax"
				]
			},
			"minecraft:breathable": {
				"total_supply": 15,
				"suffocate_time": 0
			},
			"minecraft:nameable": {},
			"minecraft:hurt_on_condition": {
				"damage_conditions": [
					{
						"filters": {
							"test": "in_lava",
							"subject": "self",
							"operator": "==",
							"value": true
						},
						"cause": "lava",
						"damage_per_tick": 4
					}
				]
			},
			"minecraft:collision_box": {
				"width": 0.6,
				"height": 1.9
			},
			"minecraft:movement": {
				"value": 0.5
			},
			"minecraft:navigation.walk": {
				"can_path_over_water": true,
				"can_pass_doors": true,
				"can_open_doors": true,
				"avoid_water": true
			},
			"minecraft:movement.basic": {},
			"minecraft:jump.static": {},
			"minecraft:can_climb": {},
			"minecraft:behavior.float": {
				"priority": 0
			},
			"minecraft:behavior.summon_entity": {
				"priority": 2,
				"summon_choices": [
					{
						"min_activation_range": 0,
						"max_activation_range": 3,
						"cooldown_time": 5,
						"weight": 3,
						"cast_duration": 2,
						"particle_color": "#FF664D59",
						"start_sound_event": "cast.spell",
						"sequence": [
							{
								"shape": "circle",
								"target": "self",
								"base_delay": 1,
								"delay_per_summon": 0,
								"num_entities_spawned": 5,
								"entity_type": "minecraft:evocation_fang",
								"size": 1.5,
								"entity_lifespan": 1.1,
								"sound_event": "prepare.attack"
							},
							{
								"shape": "circle",
								"target": "self",
								"base_delay": 0.15,
								"delay_per_summon": 0,
								"num_entities_spawned": 8,
								"entity_type": "minecraft:evocation_fang",
								"size": 2.5,
								"entity_lifespan": 1.1
							}
						]
					},
					{
						"min_activation_range": 0,
						"max_activation_range": 15,
						"cooldown_time": 5,
						"weight": 1,
						"cast_duration": 2,
						"particle_color": "#FF664D59",
						"start_sound_event": "cast.spell",
						"sequence": [
							{
								"shape": "circle",
								"target": "self",
								"base_delay": 1,
								"delay_per_summon": 0,
								"num_entities_spawned": 2,
								"entity_type": "locdev:cenarax_royal_guard",
								"size": 1,
								"entity_lifespan": -1,
								"sound_event": "prepare.attack"
							},
							{
								"shape": "circle",
								"target": "self",
								"base_delay": 0.15,
								"delay_per_summon": 0,
								"num_entities_spawned": 8,
								"entity_type": "locdev:cenarax_melee_footsoldier",
								"size": 1,
								"entity_lifespan": -1
							}
						]
					},
					{
						"min_activation_range": 3,
						"weight": 3,
						"cooldown_time": 5,
						"cast_duration": 2,
						"particle_color": "#FF664D59",
						"start_sound_event": "cast.spell",
						"sequence": [
							{
								"shape": "line",
								"target": "self",
								"base_delay": 1,
								"delay_per_summon": 0.05,
								"num_entities_spawned": 16,
								"entity_type": "minecraft:evocation_fang",
								"size": 20,
								"entity_lifespan": 1.1
							}
						]
					},
					{
						"min_activation_range": 3,
						"weight": 3,
						"cooldown_time": 5,
						"cast_duration": 2,
						"particle_color": "#FF664D59",
						"start_sound_event": "cast.spell",
						"sequence": [
							{
								"shape": "line",
								"target": "self",
								"base_delay": 1,
								"delay_per_summon": 0.05,
								"num_entities_spawned": 16,
								"entity_type": "minecraft:zombie",
								"size": 1,
								"entity_lifespan": -1
							}
						]
					},
					{
						"weight": 1,
						"cooldown_time": 17,
						"cast_duration": 5,
						"particle_color": "#FFB3B3CC",
						"sequence": [
							{
								"shape": "circle",
								"target": "self",
								"base_delay": 5,
								"num_entities_spawned": 6,
								"entity_type": "minecraft:vex",
								"summon_cap": 8,
								"summon_cap_radius": 16,
								"size": 1,
								"sound_event": "prepare.summon",
								"summon_event": "minecraft:add_damage_timer"
							}
						]
					},
					{
						"min_activation_range": 0,
						"max_activation_range": 15,
						"cooldown_time": 5,
						"weight": 3,
						"cast_duration": 2,
						"particle_color": "#FF664D59",
						"start_sound_event": "cast.spell",
						"sequence": [
							{
								"shape": "circle",
								"target": "self",
								"base_delay": 1,
								"delay_per_summon": 0,
								"num_entities_spawned": 5,
								"entity_type": "minecraft:wither_skeleton",
								"size": 1,
								"entity_lifespan": -1,
								"sound_event": "prepare.attack"
							},
							{
								"shape": "circle",
								"target": "self",
								"base_delay": 0.15,
								"delay_per_summon": 0,
								"num_entities_spawned": 8,
								"entity_type": "minecraft:skeleton",
								"size": 1,
								"entity_lifespan": -1
							},
							{
								"shape": "line",
								"target": "self",
								"base_delay": 0.3,
								"delay_per_summon": 0.8,
								"num_entities_spawned": 10,
								"entity_type": "locdev:cenarax_melee_footsoldier",
								"size": 1,
								"entity_lifespan": -1
							}
						]
					}
				]
			},
			"minecraft:behavior.avoid_mob_type": {
				"priority": 5,
				"entity_types": [
					{
						"filters": {
							"test": "is_family",
							"subject": "other",
							"value": "player"
						},
						"max_dist": 8,
						"walk_speed_multiplier": 0.6,
						"sprint_speed_multiplier": 1
					}
				]
			},
			"minecraft:behavior.random_stroll": {
				"priority": 8,
				"speed_multiplier": 0.6
			},
			"minecraft:behavior.nearest_attackable_target": {
				"priority": 2,
				"entity_types": [
					{
						"filters": {
							"any_of": [
								{
									"test": "is_family",
									"subject": "other",
									"value": "player"
								},
								{
									"test": "is_family",
									"subject": "other",
									"value": "snowgolem"
								},
								{
									"test": "is_family",
									"subject": "other",
									"value": "irongolem"
								},
								{
									"test": "is_family",
									"subject": "other",
									"value": "wandering_trader"
								}
							]
						},
						"max_dist": 20
					},
					{
						"filters": {
							"all_of": [
								{
									"test": "is_family",
									"subject": "other",
									"value": "villager"
								},
								{
									"test": "has_component",
									"subject": "other",
									"operator": "!=",
									"value": "minecraft:is_baby"
								}
							]
						},
						"max_dist": 20
					}
				],
				"must_see": true
			},
			"minecraft:behavior.look_at_player": {
				"priority": 9,
				"look_distance": 3,
				"probability": 1
			},
			"minecraft:behavior.look_at_entity": {
				"priority": 10,
				"look_distance": 8,
				"filters": {
					"test": "is_family",
					"subject": "other",
					"value": "mob"
				}
			},
			"minecraft:behavior.hurt_by_target": {
				"priority": 1,
				"entity_types": {
					"filters": {
						"test": "is_family",
						"subject": "other",
						"operator": "!=",
						"value": "illager"
					},
					"max_dist": 64
				}
			},
			"minecraft:behavior.equip_item": {
				"priority": 3
			},
			"minecraft:behavior.pickup_items": {
				"priority": 7,
				"max_dist": 3,
				"goal_radius": 2,
				"speed_multiplier": 1
			},
			"minecraft:persistent": {},
			"minecraft:physics": {},
			"minecraft:pushable": {
				"is_pushable": true,
				"is_pushable_by_piston": true
			},
			"minecraft:follow_range": {
				"value": 64
			},
			"minecraft:can_join_raid": {},
			"minecraft:conditional_bandwidth_optimization": {},
			"minecraft:damage_sensor": {
				"triggers": [
					{
						"on_damage": {
							"filters": {
								"test": "is_family",
								"subject": "other",
								"value": "Cenarax"
							}
						},
						"deals_damage": false
					},
					{
						"on_damage": {
							"filters": {
								"test": "is_family",
								"subject": "other",
								"value": "undead"
							}
						},
						"deals_damage": false
					}
				]
			}
		},
		"events": {
			"minecraft:entity_spawned": {
				"queue_command": {
					"command": "title @a[r=30] actionbar Miniboss Spawned"
				}
			},
			"minecraft:spawn_for_raid": {
				"add": {
					"component_groups": [
						"locdev:spawn_as_raid_boss",
						"minecraft:raid_configuration",
						"minecraft:raid_persistence"
					]
				},
				"queue_command": {
					"command": "title @a[r=30] actionbar Miniboss Spawned"
				}
			}
		}
	}
}