{
	"format_version": "1.20.80",
	"minecraft:entity": {
		"description": {
			"identifier": "locdev:reaper",
			"is_spawnable": true,
			"is_summonable": true,
			"is_experimental": false
		},
		"component_groups": {},
		"components": {
			"minecraft:behavior.door_interact": {},
			"minecraft:behavior.open_door": {
				"close_door_after": true
			},
			"minecraft:annotation.open_door": {},
			"minecraft:movement": {
				"max": 0.25,
				"value": 0.25
			},
			"minecraft:movement.basic": {},
			"minecraft:navigation.walk": {
				"is_amphibious": true,
				"can_pass_doors": true,
				"can_walk": true,
				"can_break_doors": true
			},
			"minecraft:physics": {},
			"minecraft:pushable": {
				"is_pushable": true,
				"is_pushable_by_piston": true
			},
			"minecraft:boss": {
				"hud_range": 55,
				"name": "§f§kMM§r§fReaper§kMM§r",
				"should_darken_sky": true
			},
			"minecraft:scale": {
				"value": 1.5
			},
			"minecraft:annotation.break_door": {},
			"minecraft:jump.static": {},
			"minecraft:can_climb": {},
			"minecraft:health": {
				"value": 300,
				"max": 300
			},
			"minecraft:behavior.summon_entity": {
				"priority": 2,
				"summon_choices": [
					{
						"min_activation_range": 0,
						"max_activation_range": 3,
						"cooldown_time": 5,
						"weight": 3,
						"cast_duration": 2,
						"particle_color": "#ffffff",
						"start_sound_event": "cast.spell",
						"sequence": [
							{
								"shape": "circle",
								"target": "self",
								"base_delay": 1,
								"delay_per_summon": 0,
								"num_entities_spawned": 5,
								"entity_type": "minecraft:zombie",
								"size": 1.5,
								"entity_lifespan": -1,
								"sound_event": "prepare.attack"
							}
						]
					},
					{
						"min_activation_range": 0,
						"max_activation_range": 3,
						"cooldown_time": 5,
						"weight": 2,
						"cast_duration": 2,
						"particle_color": "#ffffff",
						"start_sound_event": "cast.spell",
						"sequence": [
							{
								"shape": "circle",
								"target": "self",
								"base_delay": 1,
								"delay_per_summon": 0,
								"num_entities_spawned": 5,
								"entity_type": "minecraft:skeleton",
								"size": 1.5,
								"entity_lifespan": -1,
								"sound_event": "prepare.attack"
							}
						]
					}
				]
			},
			"minecraft:fire_immune": true,
			"minecraft:nameable": {},
			"minecraft:type_family": {
				"family": [
					"reaper",
					"Cenarax",
					"monster",
					"undead",
					"mob"
				]
			},
			"minecraft:equipment": {
				"table": "loot_tables/entities/boss_gear/reaper_gear.json"
			},
			"minecraft:loot": {
				"table": "loot_tables/entities/boss_drops/reaper_drops.json"
			},
			"minecraft:knockback_resistance": {
				"max": 2,
				"value": 1.5
			},
			"minecraft:collision_box": {
				"width": 0.6,
				"height": 1.9
			},
			"minecraft:damage_sensor": {
				"triggers": [
					{
						"on_damage": {
							"filters": {
								"test": "is_family",
								"subject": "other",
								"value": "Cenarax"
							}
						},
						"deals_damage": false
					},
					{
						"on_damage": {
							"filters": {
								"test": "is_family",
								"subject": "other",
								"value": "undead"
							}
						},
						"deals_damage": false
					}
				]
			},
			"minecraft:experience_reward": {
				"on_death": 80
			},
			"minecraft:breathable": {
				"total_supply": 15,
				"suffocate_time": 0,
				"breathes_air": true,
				"breathes_water": true
			},
			"minecraft:attack": {
				"damage": 3
			},
			"minecraft:behavior.melee_attack": {
				"priority": 3,
				"speed_multiplier": 1,
				"track_target": false
			},
			"minecraft:behavior.hurt_by_target": {
				"priority": 1,
				"alert_same_type": true,
				"entity_types": {
					"filters": {
						"any_of": [
							{
								"test": "is_family",
								"subject": "other",
								"operator": "!=",
								"value": "player"
							}
						]
					},
					"check_if_outnumbered": true,
					"sprint_speed_multiplier": 1.5,
					"walk_speed_multiplier": 1.2,
					"must_see": true,
					"max_dist": 64
				}
			},
			"minecraft:behavior.nearest_attackable_target": {
				"priority": 2,
				"within_radius": 25,
				"reselect_targets": true,
				"target_invisible_multiplier": 0.7,
				"persist_time": 1,
				"set_persistent": false,
				"entity_types": [
					{
						"filters": {
							"any_of": [
								{
									"test": "is_family",
									"subject": "other",
									"value": "player"
								},
								{
									"test": "is_family",
									"subject": "other",
									"value": "snowgolem"
								},
								{
									"test": "is_family",
									"subject": "other",
									"value": "irongolem"
								}
							]
						},
						"max_dist": 35,
						"check_if_outnumbered": true
					},
					{
						"filters": {
							"any_of": [
								{
									"test": "is_family",
									"subject": "other",
									"value": "villager"
								},
								{
									"test": "is_family",
									"subject": "other",
									"value": "wandering_trader"
								}
							]
						},
						"max_dist": 35,
						"must_see": false
					},
					{
						"filters": {
							"all_of": [
								{
									"test": "is_family",
									"subject": "other",
									"value": "baby_turtle"
								},
								{
									"test": "in_water",
									"subject": "other",
									"operator": "!=",
									"value": true
								}
							]
						},
						"max_dist": 35
					}
				],
				"must_see": true,
				"must_see_forget_duration": 17
			}
		}
	}
}