{
	"format_version": "1.10.0",
	"minecraft:entity": {
		"description": {
			"identifier": "locdev:war_boar",
			"is_spawnable": true,
			"is_summonable": true,
			"is_experimental": false
		},
		"component_groups": {
			"locdev:spawn_with_royal_guard_rider": {
				"minecraft:addrider": {
					"entity_type": "locdev:cenarax_royal_guard<minecraft:entity_spawned>"
				}
			},
			"locdev:spawn_with_footsoldier_melee": {
				"minecraft:addrider": {
					"entity_type": "locdev:cenarax_melee_footsoldier<minecraft:entity_spawned>"
				}
			},
			"locdev:spawn_with_ranged_footsoldier": {
				"minecraft:addrider": {
					"entity_type": "locdev:cenarax_guard_archer<minecraft:entity_spawned>"
				}
			},
			"locdev:spawn_with_no_rider": {
				"minecraft:addrider": {}
			},
			"angry_hoglin": {
				"minecraft:angry": {
					"duration": 10,
					"broadcast_anger": true,
					"broadcast_range": 16,
					"calm_event": {
						"event": "become_calm_event",
						"target": "self"
					},
					"angry_sound": "angry",
					"sound_interval": {
						"range_min": 2,
						"range_max": 5
					}
				}
			},
			"attack_cooldown": {
				"minecraft:attack_cooldown": {
					"attack_cooldown_time": [
						10,
						15
					],
					"attack_cooldown_complete_event": {
						"event": "attack_cooldown_complete_event",
						"target": "self"
					}
				}
			},
			"minecraft:addrider": {
				"entity_type": "locdev:knight_undead"
			},
			"minecraft:behavior.melee_attack": {
				"priority": 4,
				"speed_multiplier": 1,
				"track_target": true,
				"reach_multiplier": 2.5,
				"cooldown_time": 2
			},
			"unhuntable_adult": {
				"minecraft:type_family": {
					"family": [
						"hoglin",
						"hoglin_adult",
						"mob"
					]
				}
			},
			"huntable_adult": {
				"minecraft:type_family": {
					"family": [
						"hoglin",
						"hoglin_adult",
						"hoglin_huntable",
						"mob"
					]
				}
			}
		},
		"components": {
			"minecraft:damage_sensor": {
				"triggers": [
					{
						"on_damage": {
							"filters": {
								"test": "is_family",
								"subject": "other",
								"value": "Cenarax"
							}
						},
						"deals_damage": false
					}
				]
			},
			"minecraft:nameable": {
				"always_show": false,
				"allow_name_tag_renaming": true
			},
			"minecraft:health": {
				"value": 80,
				"max": 80
			},
			"minecraft:experience_reward": {
				"on_death": 100
			},
			"minecraft:knockback_resistance": {
				"value": 1,
				"max": 1
			},
			"minecraft:behavior.nearest_attackable_target": {
				"priority": 4,
				"within_radius": 16,
				"entity_types": [
					{
						"filters": {
							"any_of": [
								{
									"test": "is_family",
									"subject": "other",
									"value": "player"
								},
								{
									"test": "is_family",
									"subject": "other",
									"value": "wandering_trader"
								},
								{
									"test": "is_family",
									"subject": "other",
									"value": "irongolem"
								},
								{
									"test": "is_family",
									"subject": "other",
									"value": "snowgolem"
								},
								{
									"test": "is_family",
									"subject": "other",
									"value": "villager"
								}
							]
						},
						"max_dist": 16,
						"must_see": true
					}
				],
				"must_see": true,
				"must_reach": false
			},
			"minecraft:hurt_on_condition": {
				"damage_conditions": [
					{
						"filters": {
							"test": "in_lava",
							"subject": "self",
							"operator": "==",
							"value": true
						},
						"cause": "lava",
						"damage_per_tick": 4
					}
				]
			},
			"minecraft:navigation.walk": {
				"can_path_over_water": true,
				"avoid_water": true,
				"avoid_damage_blocks": true
			},
			"minecraft:movement.basic": {},
			"minecraft:jump.static": {},
			"minecraft:can_climb": {},
			"minecraft:despawn": {
				"despawn_from_distance": {}
			},
			"minecraft:behavior.random_stroll": {
				"priority": 7,
				"speed_multiplier": 0.4
			},
			"minecraft:behavior.random_look_around": {
				"priority": 9
			},
			"minecraft:behavior.look_at_player": {
				"priority": 8,
				"look_distance": 6,
				"probability": 0.02
			},
			"minecraft:physics": {},
			"minecraft:pushable": {
				"is_pushable": true,
				"is_pushable_by_piston": true
			},
			"minecraft:conditional_bandwidth_optimization": {},
			"minecraft:movement": {
				"value": 0.45,
				"max": 0.45
			},
			"minecraft:underwater_movement": {
				"value": 0.02
			},
			"minecraft:type_family": {
				"family": [
					"cenarax_aligned",
					"monster",
					"mob",
					"war_boar"
				]
			},
			"minecraft:scale": {
				"value": 1
			},
			"minecraft:rideable": {
				"seat_count": 1,
				"family_types": [
					"zombie",
					"war_boar_rideable",
					"skeleton"
				],
				"controlling_seat": 1,
				"interact_text": "action.interact.mount",
				"pull_in_entities": true,
				"seats": [
					{
						"position": [
							0,
							1,
							-0.2
						]
					}
				]
			},
			"minecraft:fire_immune": true,
			"minecraft:attack": {
				"damage": 6
			},
			"minecraft:behavior.melee_attack": {
				"priority": 2,
				"speed_multiplier": 1,
				"random_stop_interval": 100,
				"track_target": false,
				"reach_multiplier": 1.4
			},
			"minecraft:behavior.hurt_by_target": {
				"priority": 1,
				"alert_same_type": true,
				"entity_types": {
					"filters": {
						"any_of": [
							{
								"test": "is_family",
								"subject": "other",
								"operator": "!=",
								"value": "Cenarax"
							}
						]
					},
					"max_dist": 64
				}
			},
			"minecraft:behavior.owner_hurt_by_target": {
				"priority": 1
			},
			"minecraft:behavior.owner_hurt_target": {
				"priority": 2
			}
		},
		"events": {
			"minecraft:entity_spawned": {
				"randomize": [
					{
						"add": {
							"component_groups": [
								"locdev:spawn_with_no_rider"
							]
						},
						"weight": 30
					},
					{
						"add": {
							"component_groups": [
								"locdev:spawn_with_royal_guard_rider"
							]
						},
						"weight": 10
					},
					{
						"add": {
							"component_groups": [
								"locdev:spawn_with_footsoldier_melee"
							]
						},
						"weight": 30
					},
					{
						"add": {
							"component_groups": [
								"locdev:spawn_with_ranged_footsoldier"
							]
						},
						"weight": 30
					}
				]
			},
			"locdev:spawn_with_royal_guard_rider": {
				"add": {
					"component_groups": [
						"locdev:spawn_with_royal_guard_rider"
					]
				}
			},
			"locdev:spawn_with_melee_footsoldier_rider": {
				"add": {
					"component_groups": [
						"locdev:spawn_with_footsoldier_melee"
					]
				}
			},
			"locdev:spawn_with_ranged_footsoldier_rider": {
				"add": {
					"component_groups": [
						"locdev:spawn_with_ranged_footsoldier"
					]
				}
			},
			"locdev:spawn_with_no_rider": {
				"add": {
					"component_groups": [
						"locdev:spawn_with_no_rider"
					]
				}
			},
			"become_angry_event": {
				"add": {
					"component_groups": [
						"angry_hoglin"
					]
				}
			},
			"become_calm_event": {
				"remove": {
					"component_groups": [
						"angry_hoglin"
					]
				}
			},
			"escaped_event": {
				"add": {
					"component_groups": [
						"attack_cooldown"
					]
				},
				"remove": {
					"component_groups": [
						"angry_hoglin"
					]
				}
			},
			"attack_cooldown_complete_event": {
				"remove": {
					"component_groups": [
						"attack_cooldown"
					]
				}
			}
		}
	}
}