{
	"format_version": "1.21.20",
	"minecraft:processor_list": {
		"description": {
			"identifier": "locdev:cenarax_stronghold_processor"
		},
		"processors": [
			{
				"processor_type": "minecraft:rule",
				"rules": [
					{
						"input_predicate": {
							"predicate_type": "minecraft:random_block_match",
							"block": "minecraft:polished_blackstone_bricks",
							"probability": 0.2
						},
						"output_state": {
							"name": "minecraft:cracked_polished_blackstone_bricks"
						}
					},
					{
						"input_predicate": {
							"predicate_type": "minecraft:random_block_match",
							"block": "deepslate_tiles",
							"probability": 0.2
						},
						"output_state": {
							"name": "cracked_deepslate_tiles"
						}
					},
					{
						"input_predicate": {
							"predicate_type": "minecraft:random_block_match",
							"block": "polished_blackstone",
							"probability": 0.2
						},
						"output_state": {
							"name": "blackstone"
						}
					},
					{
						"input_predicate": {
							"predicate_type": "minecraft:random_block_match",
							"block": "polished_blackstone",
							"probability": 0.05
						},
						"output_state": {
							"name": "gilded_blackstone"
						}
					}
				]
			},
			{
				"processor_type": "minecraft:capped",
				"delegate": {
					"processor_type": "minecraft:rule",
					"rules": [
						{
							"input_predicate": {
								"predicate_type": "minecraft:random_block_match",
								"block": "polished_blackstone",
								"probability": 0.05
							},
							"output_state": {
								"name": "gilded_blackstone"
							}
						}
					]
				},
				"limit": 20
			}
		]
	}
}