{
	"format_version": "1.21.20",
	"minecraft:processor_list": {
		"description": {
			"identifier": "locdev:forbidden_fortress_decay"
		},
		"processors": [
			{
				"processor_type": "minecraft:rule",
				"rules": [
					{
						"input_predicate": {
							"predicate_type": "minecraft:random_block_match",
							"block": "minecraft:stone_bricks",
							"probability": 0.2
						},
						"output_state": "minecraft:mossy_stone_bricks"
					},
					{
						"input_predicate": {
							"predicate_type": "minecraft:random_block_match",
							"block": "minecraft:stone_bricks",
							"probability": 0.2
						},
						"output_state": "minecraft:cracked_stone_bricks"
					},
					{
						"input_predicate": {
							"predicate_type": "minecraft:random_block_match",
							"block": "minecraft:stone_brick_slab",
							"probability": 0.2
						},
						"output_state": "minecraft:mossy_stone_brick_slab"
					},
					{
						"input_predicate": {
							"predicate_type": "minecraft:random_block_match",
							"block": "minecraft:stone",
							"probability": 0.3
						},
						"output_state": "minecraft:cobblestone"
					},
					{
						"input_predicate": {
							"predicate_type": "minecraft:random_block_match",
							"block": "minecraft:stone",
							"probability": 0.3
						},
						"output_state": "minecraft:andesite"
					},
					{
						"input_predicate": {
							"predicate_type": "minecraft:random_block_match",
							"block": "minecraft:torch",
							"probability": 0.2
						},
						"output_state": "minecraft:air"
					},
					{
						"input_predicate": {
							"predicate_type": "minecraft:random_block_match",
							"block": "minecraft:grass_block",
							"probability": 0.2
						},
						"output_state": "minecraft:grass_path"
					},
					{
						"input_predicate": {
							"predicate_type": "minecraft:random_block_match",
							"block": "minecraft:grass_block",
							"probability": 0.4
						},
						"output_state": "minecraft:coarse_dirt"
					},
					{
						"input_predicate": {
							"predicate_type": "minecraft:random_block_match",
							"block": "minecraft:grass_block",
							"probability": 0.2
						},
						"output_state": "minecraft:mossy_cobblestone"
					},
					{
						"input_predicate": {
							"predicate_type": "minecraft:random_block_match",
							"block": "minecraft:grass_block",
							"probability": 0.2
						},
						"output_state": "minecraft:cobblestone"
					}
				]
			}
		]
	}
}