{
    "format_version": "1.21.20",
    "minecraft:processor_list": {
        "description": {
            "identifier": "locdev:forbidden_fortress_tree"
        },
        "processors": [
            {
                "processor_type": "minecraft:rule",
                "rules": [
                    {
                        "input_predicate": {
                            "predicate_type": "minecraft:random_block_match",
                            "block": "minecraft:torch",
                            "probability": 0.2
                        },
                        "output_state": "minecraft:air"
                    }
                ]
            }
        ]
    }
}