{
	"format_version": "1.21.20",
	"minecraft:processor_list": {
		"description": {
			"identifier": "locdev:grand_library_general_decay"
		},
		"processors": [
			{
				"processor_type": "minecraft:rule",
				"rules": [
					{
						"input_predicate": {
							"predicate_type": "minecraft:random_block_match",
							"block": "minecraft:stone_bricks",
							"probability": 0.2
						},
						"output_state": "minecraft:mossy_stone_bricks"
					},
					{
						"input_predicate": {
							"predicate_type": "minecraft:random_block_match",
							"block": "minecraft:stone_bricks",
							"probability": 0.2
						},
						"output_state": "minecraft:cracked_stone_bricks"
					}
				]
			}
		]
	}
}