{
    "format_version": "1.21.20",
    "minecraft:processor_list": {
        "description": {
            "identifier": "locdev:graveyard_decay"
        },
        "processors": [
            {
                "processor_type": "minecraft:rule",
                "rules": [
                    {
                        "input_predicate": {
                            "predicate_type": "minecraft:random_block_match",
                            "block": "grass_block",
                            "probability": 0.2
                        },
                        "output_state": "grass_path"
                    },
                    {
                        "input_predicate": {
                            "predicate_type": "minecraft:random_block_match",
                            "block": "grass_block",
                            "probability": 0.2
                        },
                        "output_state": "cobblestone"
                    },
                    {
                        "input_predicate": {
                            "predicate_type": "minecraft:random_block_match",
                            "block": "grass_block",
                            "probability": 0.2
                        },
                        "output_state": "mossy_cobblestone"
                    },
                    {
                        "input_predicate": {
                            "predicate_type": "minecraft:random_block_match",
                            "block": "grass_block",
                            "probability": 0.2
                        },
                        "output_state": "coarse_dirt"
                    },
                    {
                        "input_predicate": {
                            "predicate_type": "minecraft:random_block_match",
                            "block": "stone_bricks",
                            "probability": 0.2
                        },
                        "output_state": "mossy_stone_bricks"
                    },
                    {
                        "input_predicate": {
                            "predicate_type": "minecraft:random_block_match",
                            "block": "stone_bricks",
                            "probability": 0.2
                        },
                        "output_state": "cracked_stone_bricks"
                    },
                    {
                        "input_predicate": {
                            "predicate_type": "minecraft:random_block_match",
                            "block": "stone_brick_wall",
                            "probability": 0.2
                        },
                        "output_state": "mossy_stone_brick_wall"
                    },
                    {
                        "input_predicate": {
                            "predicate_type": "minecraft:random_block_match",
                            "block": "stone_brick_wall",
                            "probability": 0.2
                        },
                        "output_state": "cobblestone_wall"
                    },
                    {
                        "input_predicate": {
                            "predicate_type": "minecraft:random_block_match",
                            "block": "stone_brick_wall",
                            "probability": 0.2
                        },
                        "output_state": "mossy_cobblestone_wall"
                    },
                    {
                        "input_predicate": {
                            "predicate_type": "minecraft:random_block_match",
                            "block": "cobblestone",
                            "probability": 0.2
                        },
                        "output_state": "mossy_cobblestone"
                    }
                ]
            }
        ]
    }
}