{
    "format_version": "1.21.20",
    "minecraft:processor_list": {
        "description": {
            "identifier": "locdev:highlands_outpost_decay"
        },
        "processors": [
            {
                "processor_type": "minecraft:rule",
                "rules": [
                    {
                        "input_predicate": {
                            "predicate_type": "minecraft:random_block_match",
                            "block": "stone_bricks",
                            "probability": 0.2
                        },
                        "output_state": "mossy_stone_bricks"
                    },
                    {
                        "input_predicate": {
                            "predicate_type": "minecraft:random_block_match",
                            "block": "stone_bricks",
                            "probability": 0.2
                        },
                        "output_state": "cracked_stone_bricks"
                    },
                    {
                        "input_predicate": {
                            "predicate_type": "minecraft:random_block_match",
                            "block": "polished_blackstone_bricks",
                            "probability": 0.2
                        },
                        "output_state": "cracked_polished_blackstone_bricks"
                    },
                    {
                        "input_predicate": {
                            "predicate_type": "minecraft:random_block_match",
                            "block": "polished_blackstone",
                            "probability": 0.2
                        },
                        "output_state": "blackstone"
                    }
                ]
            }
        ]
    }
}