{
	"format_version": "1.10.0",
	"animations": {
		"animation.locdev_dark_broad_sword.first_person": {
			"loop": true,
			"bones": {
				"rightitem": {
					"position": [
						-5,
						35,
						-5.5
					],
					"rotation": [
						0,
						0,
						180
					]
				}
			}
		},
		"animation.locdev_dark_broad_sword.third_person": {
			"loop": true,
			"bones": {
				"rightitem": {
					"position": [
						0,
						22,
						5
					],
					"rotation": [
						90,
						0,
						90
					]
				}
			}
		}
	}
}