{
	"format_version": "1.21.20",
	"minecraft:template_pool": {
		"description": {
			"identifier": "minecraft:trial_chambers/reward/all"
		},
		"elements": [
			{
				"element": {
					"element_type": "minecraft:single_pool_element",
					"location": "minecraft:trial_chambers/reward/vault",
					"processors": "locdev:general_decay"
				},
				"projection": "rigid",
				"weight": 10
			},
			{
				"element": {
					"element_type": "minecraft:single_pool_element",
					"location": "trial_chambers/reward/reward_crate_one",
					"processors": "locdev:general_decay"
				},
				"projection": "rigid",
				"weight": 1
			}
		]
	}
}