{
	"boss_health_panel": {
		"type": "panel",
		"size": [
			182, //182
			20 //20
		],
		"anchor_from": "top_middle",
		"anchor_to": "top_middle",
		"$progress_bar_collection": "boss_bars",
		"controls": [
			{
				"boss_name@boss_name_panel": {}
			},
			{
				"progress_bar_for_collections@common.progress_bar_for_collections": {
					"offset": [
						0,
						10
					]
				}
			},
			{
				"king_undead_health@king_undead_health": { //"destroyer_health@destroyer_health"
					"offset": [
						0,
						11
					],
					"layer": 2,
					"bindings": [
						{
							"binding_name": "#bossName",
							"binding_type": "collection",
							"binding_collection_name": "boss_bars"
						},
						{
							"binding_type": "view",
							"source_property_name": "(#bossName = '§d§kMM§r§dKing of the Undead§kMM§r')",
							"target_property_name": "#visible"
						}
					]
				}
			},
			{
				"grand_summoner_health@grand_summoner_health": { //"destroyer_health@destroyer_health"
					"offset": [
						0,
						11
					],
					"layer": 2,
					"bindings": [
						{
							"binding_name": "#bossName",
							"binding_type": "collection",
							"binding_collection_name": "boss_bars"
						},
						{
							"binding_type": "view",
							"source_property_name": "(#bossName = '§4§kMM§r§4Grand Summoner§kMM§r')",
							"target_property_name": "#visible"
						}
					]
				}
			},
			{
				"knight_highlands_health@knight_highlands_health": { //"destroyer_health@destroyer_health"
					"offset": [
						0,
						11
					],
					"layer": 2,
					"bindings": [
						{
							"binding_name": "#bossName",
							"binding_type": "collection",
							"binding_collection_name": "boss_bars"
						},
						{
							"binding_type": "view",
							"source_property_name": "(#bossName = '§bKnight of the Highlands')",
							"target_property_name": "#visible"
						}
					]
				}
			}
		],
		"bindings": [
			{
				"binding_name": "#bar_visible",
				"binding_type": "collection",
				"binding_collection_name": "boss_bars",
				"binding_name_override": "#visible"
			},
			{
				"binding_name": "#bossName",
				"binding_type": "collection",
				"binding_collection_name": "boss_bars"
			}
		]
	},
	"king_undead_health": {
		"type": "panel",
		"anchor_from": "top_middle",
		"anchor_to": "top_middle",
		"size": [
			337, //240
			9 //120
		],
		"bindings": [
			{
				"binding_name": "(#bossName = '§d§kMM§r§dKing of the Undead§kMM§r')",
				"binding_type": "collection",
				"binding_collection_name": "boss_bars",
				"binding_name_override": "#visible"
			}
		],
		"controls": [
			{
				"empty_king_undead_health@empty_king_undead_health": {
					"layer": 1,
					"keep_ratio": false
				}
			},
			{
				"filled_king_undead_bossbar@filled_king_undead_bossbar": {
					"layer": 2,
					"size": [
						337, //240, 337
						9 //120, 9
					],
					"keep_ratio": false
				}
			},
			{
				"overlay_king_undead_bossbar@overlay_king_undead_bossbar": {
					"layer": 3,
					"size": [ //not there in og
						337,
						28
					],
					"keep_ratio": false
				}
			}
		]
	},
	"filled_king_undead_bossbar@filled_king_undead_health": {
		"clip_pixelperfect": true,
		"bindings": [
			{
				"binding_name": "#progress_percentage",
				"binding_name_override": "#clip_ratio",
				"binding_type": "collection",
				"binding_collection_name": "$progress_bar_collection"
			}
		]
	},
	"filled_king_undead_health": {
		"type": "image",
		"texture": "textures/ui/bossbars/king_undead/king_undead_boss_full",
		"clip_direction": "left",
		"bindings": [
			{
				"binding_name": "#progress_percentage",
				"binding_name_override": "#clip_ratio"
			}
		]
	},
	"empty_king_undead_health": {
		"type": "image",
		"texture": "textures/ui/bossbars/king_undead/king_undead_boss_empty"
	},
	"overlay_king_undead_bossbar": {
		"type": "image",
		"texture": "textures/ui/bossbars/king_undead/king_undead_boss_overlay"
	},
	"grand_summoner_health": {
		"type": "panel",
		"anchor_from": "top_middle",
		"anchor_to": "top_middle",
		"size": [
			337, //240
			9 //120
		],
		"bindings": [
			{
				"binding_name": "(#bossName = '§4§kMM§r§4Grand Summoner§kMM§r')",
				"binding_type": "collection",
				"binding_collection_name": "boss_bars",
				"binding_name_override": "#visible"
			}
		],
		"controls": [
			{
				"empty_grand_summoner_health@empty_grand_summoner_health": {
					"layer": 1,
					"keep_ratio": false
				}
			},
			{
				"filled_grand_summoner_bossbar@filled_grand_summoner_bossbar": {
					"layer": 2,
					"size": [
						337, //240, 337
						9 //120, 9
					],
					"keep_ratio": false
				}
			},
			{
				"overlay_grand_summoner_bossbar@overlay_grand_summoner_bossbar": {
					"layer": 3,
					"size": [ //not there in og
						337,
						28
					],
					"keep_ratio": false
				}
			}
		]
	},
	"filled_grand_summoner_bossbar@filled_grand_summoner_health": {
		"clip_pixelperfect": true,
		"bindings": [
			{
				"binding_name": "#progress_percentage",
				"binding_name_override": "#clip_ratio",
				"binding_type": "collection",
				"binding_collection_name": "$progress_bar_collection"
			}
		]
	},
	"filled_grand_summoner_health": {
		"type": "image",
		"texture": "textures/ui/bossbars/grand_summoner/grand_summoner_boss_full",
		"clip_direction": "left",
		"bindings": [
			{
				"binding_name": "#progress_percentage",
				"binding_name_override": "#clip_ratio"
			}
		]
	},
	"empty_grand_summoner_health": {
		"type": "image",
		"texture": "textures/ui/bossbars/grand_summoner/grand_summoner_boss_empty"
	},
	"overlay_grand_summoner_bossbar": {
		"type": "image",
		"texture": "textures/ui/bossbars/grand_summoner/grand_summoner_boss_overlay"
	},
	"knight_highlands_health": {
		"type": "panel",
		"anchor_from": "top_middle",
		"anchor_to": "top_middle",
		"size": [
			337, //240
			9 //120
		],
		"bindings": [
			{
				"binding_name": "(#bossName = '§bKnight of the Highlands')",
				"binding_type": "collection",
				"binding_collection_name": "boss_bars",
				"binding_name_override": "#visible"
			}
		],
		"controls": [
			{
				"empty_knight_highlands_health@empty_knight_highlands_health": {
					"layer": 1,
					"keep_ratio": false
				}
			},
			{
				"filled_knight_highlands_bossbar@filled_knight_highlands_bossbar": {
					"layer": 2,
					"size": [
						337, //240, 337
						9 //120, 9
					],
					"keep_ratio": false
				}
			},
			{
				"overlay_knight_highlands_bossbar@overlay_knight_highlands_bossbar": {
					"layer": 3,
					"size": [ //not there in og
						337,
						28
					],
					"keep_ratio": false
				}
			}
		]
	},
	"filled_knight_highlands_bossbar@filled_knight_highlands_health": {
		"clip_pixelperfect": true,
		"bindings": [
			{
				"binding_name": "#progress_percentage",
				"binding_name_override": "#clip_ratio",
				"binding_type": "collection",
				"binding_collection_name": "$progress_bar_collection"
			}
		]
	},
	"filled_knight_highlands_health": {
		"type": "image",
		"texture": "textures/ui/bossbars/knight_highlands/knight_highlands_boss_full",
		"clip_direction": "left",
		"bindings": [
			{
				"binding_name": "#progress_percentage",
				"binding_name_override": "#clip_ratio"
			}
		]
	},
	"empty_knight_highlands_health": {
		"type": "image",
		"texture": "textures/ui/bossbars/knight_highlands/knight_highlands_boss_empty"
	},
	"overlay_knight_highlands_bossbar": {
		"type": "image",
		"texture": "textures/ui/bossbars/knight_highlands/knight_highlands_boss_overlay"
	}
}