{
	"format_version": "1.20.80",
	"minecraft:block": {
		"description": {
			"identifier": "locdev:chiseled_obsidian",
			"menu_category": {
				"category": "construction"
			}
		},
		"components": {
			"minecraft:display_name": "Chiseled Obsidian",
			"minecraft:collision_box": true,
			"minecraft:selection_box": true,
			"minecraft:destructible_by_mining": {
				"seconds_to_destroy": 12
			},
			"minecraft:destructible_by_explosion": {
				"explosion_resistance": 1200
			},
			"minecraft:map_color": "#000000",
			"minecraft:material_instances": {
				"*": {
					"texture": "locdev_chiseled_obsidian",
					"render_method": "opaque"
				}
			},
			"minecraft:geometry": "minecraft:geometry.full_block"
		}
	}
}