{
	"format_version": "1.20.80",
	"minecraft:block": {
		"description": {
			"identifier": "locdev:crate_tier_two",
			"menu_category": {
				"category": "construction"
			}
		},
		"components": {
			"minecraft:collision_box": true,
			"minecraft:selection_box": true,
			"minecraft:display_name": "Gold Crate",
			"minecraft:loot": "loot_tables/crate_tier_two.json",
			"minecraft:flammable": true,
			"minecraft:destructible_by_mining": {
				"seconds_to_destroy": 0.5
			},
			"minecraft:destructible_by_explosion": true,
			"minecraft:map_color": "#564000",
			"minecraft:material_instances": {
				"*": {
					"texture": "locdev_crate_tier_two",
					"render_method": "opaque"
				}
			},
			"minecraft:geometry": "minecraft:geometry.full_block"
		}
	}
}