{
	"format_version": "1.20.80",
	"minecraft:block": {
		"description": {
			"identifier": "locdev:deepslate_mythril_ore",
			"menu_category": {
				"category": "nature",
				"group": "itemGroup.name.ore"
			},
			"components": {
				"minecraft:destructible_by_mining": {
					"seconds_to_destroy": 3
				},
				"minecraft:destructible_by_explosion": {
					"explosion_resistance": 6
				},
				"minecraft:display_name": "Deepslate Mythril Ore",
				"minecraft:selection_box": true,
				"minecraft:collision_box": true,
				"minecraft:loot": "loot_tables/blocks/mythril_ore.json",
				"minecraft:map_color": "#ffffff",
				"minecraft:material_instances": {
					"*": {
						"texture": "locdev_deepslate_mythril_ore",
						"render_method": "opaque"
					}
				},
				"minecraft:geometry": "minecraft:geometry.full_block"
			}
		}
	}
}