{
	"format_version": "1.20.80",
	"minecraft:block": {
		"description": {
			"identifier": "pa:glowing_obsidian",
			"menu_category": {
				"category": "construction"
			}
		},
		"components": {
			"minecraft:collision_box": true,
			"minecraft:selection_box": true,
			"minecraft:display_name": "Glowing Obsidian",
			"minecraft:destructible_by_explosion": false,
			"minecraft:destructible_by_mining": {
				"seconds_to_destroy": 10
			},
			"minecraft:loot": "loot_tables/blocks/locdev_glowing_obsidian.json",
			"minecraft:light_emission": 12,
			"minecraft:map_color": "#8E0808",
			"minecraft:material_instances": {
				"*": {
					"texture": "pa_glowing_obsidian",
					"render_method": "opaque"
				}
			},
			"minecraft:geometry": "minecraft:geometry.full_block"
		}
	}
}