{
	"format_version": "1.20.80",
	"minecraft:block": {
		"description": {
			"identifier": "locdev:medium_coin_stack",
			"menu_category": {
				"category": "construction"
			}
		},
		"components": {
			"minecraft:geometry": "geometry.locdev_medium_coin_stack",
			"minecraft:material_instances": {
				"*": {
					"texture": "locdev_locdev_medium_coin_stack",
					"render_method": "alpha_test"
				}
			},
			"minecraft:collision_box": {
				"size": [
					16,
					6,
					16
				]
			},
			"minecraft:selection_box": {
				"size": [
					16,
					6,
					16
				]
			},
			"minecraft:destructible_by_explosion": true,
			"minecraft:destructible_by_mining": true,
			"minecraft:display_name": "Medium Coin Stack",
			"minecraft:loot": "loot_tables/blocks/locdev_medium_coin_stack.json",
			"minecraft:map_color": "#FFD700"
		}
	}
}