{
	"format_version": "1.20.80",
	"minecraft:block": {
		"description": {
			"identifier": "locdev:mythril_ore",
			"menu_category": {
				"category": "nature",
				"group": "itemGroup.name.ore"
			}
		},
		"components": {
			"minecraft:destructible_by_mining": {
				"seconds_to_destroy": 1
			},
			"minecraft:destructible_by_explosion": {
				"explosion_resistance": 6
			},
			"minecraft:map_color": "#ffffff",
			"minecraft:collision_box": true,
			"minecraft:selection_box": true,
			"minecraft:display_name": "Mythril Ore",
			"minecraft:loot": "loot_tables/blocks/mythril_ore.json",
			"minecraft:material_instances": {
				"*": {
					"texture": "locdev_mythril_ore",
					"render_method": "opaque"
				}
			},
			"minecraft:geometry": "minecraft:geometry.full_block"
		}
	}
}