{
	"format_version": "1.20.80",
	"minecraft:block": {
		"description": {
			"identifier": "locdev:silver_bricks",
			"menu_category": {
				"category": "construction"
			}
		},
		"components": {
			"minecraft:collision_box": true,
			"minecraft:selection_box": true,
			"minecraft:display_name": "Silver Bricks",
			"minecraft:destructible_by_explosion": true,
			"minecraft:destructible_by_mining": {
				"seconds_to_destroy": 10
			},
			"minecraft:flammable": false,
			"minecraft:material_instances": {
				"*": {
					"texture": "locdev_silver_bricks",
					"render_method": "opaque"
				}
			},
			"minecraft:geometry": "minecraft:geometry.full_block"
		}
	}
}