{
	"format_version": "1.20.80",
	"minecraft:block": {
		"description": {
			"identifier": "locdev:silver_pillar",
			"menu_category": {
				"category": "construction"
			}
		},
		"components": {
			"minecraft:collision_box": true,
			"minecraft:selection_box": true,
			"minecraft:display_name": "Silver Pillar",
			"minecraft:destructible_by_explosion": true,
			"minecraft:destructible_by_mining": {
				"seconds_to_destroy": 10
			},
			"minecraft:flammable": false,
			"minecraft:material_instances": {
				"*": {
					"texture": "silver_pillar_bottom"
				},
				"up": {
					"texture": "silver_pillar_top"
				},
				"north": {
					"texture": "silver_pillar_north"
				},
				"east": {
					"texture": "silver_pillar_east"
				},
				"south": {
					"texture": "silver_pillar_south"
				},
				"west": {
					"texture": "silver_pillar_west"
				}
			},
			"minecraft:geometry": "minecraft:geometry.full_block"
		}
	}
}