{
	"format_version": "1.20.80",
	"minecraft:block": {
		"description": {
			"identifier": "locdev:spell_bound_table",
			"is_experimental": false,
			"menu_category": {
				"category": "construction"
			}
		},
		"components": {
			"minecraft:geometry": "geometry.spell_bound_table",
			"minecraft:material_instances": {
				"*": {
					"texture": "locdev_spell_bound_table",
					"render_method": "alpha_test"
				}
			},
			"minecraft:collision_box": true,
			"minecraft:selection_box": true,
			"minecraft:flammable": false,
			"minecraft:crafting_table": {
				"table_name": "Spell Table",
				"grid_size": 3,
				"crafting_tags": [
					"locdev_spell_bound_table"
				]
			},
			"minecraft:display_name": "Spell Bound Table",
			"minecraft:destructible_by_explosion": false,
			"minecraft:destructible_by_mining": true,
			"minecraft:light_emission": 10,
			"minecraft:map_color": "#000000",
			"minecraft:loot": "loot_tables/blocks/spell_bound_table.json"
		}
	}
}