{
	"format_version": "1.12.0",
	"minecraft:geometry": [
		{
			"description": {
				"identifier": "geometry.haunt",
				"texture_width": 128,
				"texture_height": 128,
				"visible_bounds_width": 3,
				"visible_bounds_height": 2.5,
				"visible_bounds_offset": [
					0,
					0.75,
					0
				]
			},
			"bones": [
				{
					"name": "body",
					"pivot": [
						0,
						13,
						0
					],
					"cubes": [
						{
							"origin": [
								-5,
								3,
								-3
							],
							"size": [
								10,
								12,
								6
							],
							"uv": [
								42,
								0
							]
						}
					]
				},
				{
					"name": "head",
					"pivot": [
						0,
						13,
						0
					],
					"cubes": [
						{
							"origin": [
								-4,
								15,
								-4
							],
							"size": [
								8,
								8,
								8
							],
							"uv": [
								42,
								18
							]
						}
					]
				},
				{
					"name": "arm0",
					"pivot": [
						0,
						15,
						0
					],
					"cubes": [
						{
							"origin": [
								-9,
								9,
								-16
							],
							"size": [
								4,
								6,
								17
							],
							"uv": [
								0,
								0
							]
						}
					]
				},
				{
					"name": "arm1",
					"pivot": [
						0,
						0,
						0
					],
					"cubes": [
						{
							"origin": [
								5,
								9,
								-16
							],
							"size": [
								4,
								6,
								17
							],
							"uv": [
								0,
								23
							]
						}
					]
				}
			]
		}
	]
}