{
	"format_version": "1.19.0",
	"minecraft:geometry": [
		{
			"description": {
				"identifier": "geometry.mythril_spear",
				"texture_width": 64,
				"texture_height": 64,
				"visible_bounds_width": 5,
				"visible_bounds_height": 3.5,
				"visible_bounds_offset": [
					0,
					1.25,
					0
				]
			},
			"bones": [
				{
					"name": "root_item",
					"pivot": [
						0,
						0,
						0
					],
					"binding": "q.item_slot_to_bone_name(c.item_slot)",
					"cubes": [
						{
							"origin": [
								-0.5,
								0,
								-0.5
							],
							"size": [
								1,
								50,
								1
							],
							"uv": [
								0,
								0
							]
						},
						{
							"origin": [
								0,
								50,
								-3
							],
							"size": [
								0,
								13,
								6
							],
							"uv": [
								4,
								0
							]
						}
					]
				}
			]
		}
	]
}