{
	"format_version": "1.16.0",
	"minecraft:geometry": [
		{
			"description": {
				"identifier": "geometry.locdev_dark_broad_sword",
				"texture_width": 64,
				"texture_height": 64,
				"visible_bounds_width": 2,
				"visible_bounds_height": 3.5,
				"visible_bounds_offset": [
					0,
					1.25,
					0
				]
			},
			"bones": [
				{
					"name": "bb_main",
					"pivot": [
						0,
						0,
						0
					],
					"cubes": [
						{
							"origin": [
								-1,
								0,
								-1
							],
							"size": [
								2,
								4,
								2
							],
							"uv": [
								8,
								12
							]
						},
						{
							"origin": [
								-1,
								4,
								-5
							],
							"size": [
								2,
								2,
								10
							],
							"uv": [
								0,
								0
							]
						},
						{
							"origin": [
								-1,
								3,
								4
							],
							"size": [
								2,
								1,
								2
							],
							"uv": [
								14,
								6
							]
						},
						{
							"origin": [
								-1,
								3,
								-6
							],
							"size": [
								2,
								1,
								2
							],
							"uv": [
								14,
								3
							]
						},
						{
							"origin": [
								-1,
								6,
								-6
							],
							"size": [
								2,
								1,
								2
							],
							"uv": [
								14,
								0
							]
						},
						{
							"origin": [
								-1,
								6,
								4
							],
							"size": [
								2,
								1,
								2
							],
							"uv": [
								0,
								6
							]
						},
						{
							"origin": [
								-0.5,
								6,
								-3
							],
							"size": [
								1,
								15,
								6
							],
							"uv": [
								0,
								12
							]
						},
						{
							"origin": [
								-0.5,
								21,
								-2
							],
							"size": [
								1,
								2,
								4
							],
							"uv": [
								0,
								0
							]
						},
						{
							"origin": [
								-0.5,
								23,
								-1
							],
							"size": [
								1,
								2,
								2
							],
							"uv": [
								0,
								12
							]
						}
					]
				},
				{
					"name": "root_item",
					"pivot": [
						0,
						0,
						0
					],
					"binding": "q.item_slot_to_bone_name(c.item_slot)"
				}
			]
		}
	]
}