{
	"format_version": "1.12.0",
	"minecraft:geometry": [
		{
			"description": {
				"identifier": "geometry.luminoushelmet",
				"texture_width": 32,
				"texture_height": 32,
				"visible_bounds_width": 2,
				"visible_bounds_height": 3.5,
				"visible_bounds_offset": [
					0,
					1.25,
					0
				]
			},
			"bones": [
				{
					"name": "waist",
					"pivot": [
						0,
						12,
						0
					]
				},
				{
					"name": "body",
					"parent": "waist",
					"pivot": [
						0,
						24,
						0
					]
				},
				{
					"name": "head",
					"parent": "body",
					"pivot": [
						0,
						24,
						0
					]
				},
				{
					"name": "hat",
					"parent": "head",
					"pivot": [
						0,
						24,
						0
					],
					"cubes": [
						{
							"origin": [
								-4,
								24,
								-4
							],
							"size": [
								8,
								8,
								8
							],
							"inflate": 0.5,
							"uv": [
								0,
								0
							]
						},
						{
							"origin": [
								4.5,
								30.5,
								-1.5
							],
							"size": [
								3,
								2,
								3
							],
							"uv": [
								20,
								16
							]
						},
						{
							"origin": [
								-7.5,
								30.5,
								-1.5
							],
							"size": [
								3,
								2,
								3
							],
							"uv": [
								20,
								21
							]
						},
						{
							"origin": [
								5.5,
								32.5,
								-1.5
							],
							"size": [
								2,
								5,
								3
							],
							"uv": [
								0,
								16
							]
						},
						{
							"origin": [
								-7.5,
								32.5,
								-1.5
							],
							"size": [
								2,
								5,
								3
							],
							"uv": [
								10,
								16
							]
						}
					]
				}
			]
		}
	]
}