{
   "format_version": "1.21.60",
   "minecraft:crafting_items_catalog": {
      "categories": [
         {
            // Valid values are construction, equipment, nature, and items
            "category_name": "construction",
            "groups": [
               {
                  // This will create a new group
                  "group_identifier": {
                     "icon": "locdev:silver_block",
                     "name": "locdev:itemGroup.name.Silver"
                  },
                  "items": [
                     "locdev:silver_block",
                     "locdev:silver_bricks",
                     "locdev:silver_pillar",
                     "locdev:chiseled_silver_block",
                     "locdev:raw_silver_block"
                  ]
               }
            ]
         },
         {
            "category_name": "items",
            "groups": [
               {
                  "group_identifier": {
                     "icon": "locdev:spell_bound_zombie",
                     "name": "locdev:itemGroup.name.Scrolls"
                  },
                  "items": [
                     "locdev:spell_bound_fang",
                     "locdev:spell_bound_golem",
                     "locdev:spell_bound_golem_silver",
                     "locdev:spell_bound_lightning",
                     "locdev:spell_bound_zombie",
                     "locdev:spell_bound_zombie_silver",
                     "locdev:spell_bound_zombie_gold",
                     "locdev:spell_bound_zombie_diamond",
                     "locdev:spell_bound_portal"
                  ]
               }
            ]
         },
         {
            "category_name": "items",
            "groups": [
               {
                  "group_identifier": {
                     "icon": "locdev:unbound_orb",
                     "name": "locdev:itemGroup.name.Orbs"
                  },
                  "items": [
                     "locdev:unbound_orb",
                     "locdev:zombie_bound_orb",
                     "locdev:lightning_bound_orb",
                     "locdev:fang_bound_orb"
                  ]
               }
            ]
         },
         {
            "category_name": "items",
            "groups": [
               {
                  "group_identifier": {
                     "icon": "locdev:basic_staff_mold",
                     "name": "locdev:itemGroup.name.Molds"
                  },
                  "items": [
                     "locdev:basic_staff_mold",
                     "locdev:enhanced_staff_mold",
                     "locdev:sword_blade_mold",
                     "locdev:mythril_ingot_mold"
                  ]
               }
            ]
         },
         {
            "category_name": "construction",
            "groups": [
               {
                  "group_identifier": {
                     "icon": "locdev:crate_tier_one",
                     "name": "locdev:itemGroup.name.Crates"
                  },
                  "items": [
                     "locdev:crate_tier_one",
                     "locdev:crate_tier_two",
                     "locdev:crate_tier_three"
                  ]
               }
            ]
         },
         {
            "category_name": "construction",
            "groups": [
               {
                  "group_identifier": {
                     "icon": "locdev:small_coin_stack",
                     "name": "locdev:itemGroup.name.Coin_stacks"
                  },
                  "items": [
                     "locdev:small_coin_stack",
                     "locdev:medium_coin_stack",
                     "locdev:large_coin_stack"
                  ]
               }
            ]
         },
         {
            "category_name": "equipment",
            "groups": [
               {
                  "group_identifier": {
                     "icon": "locdev:iron_scythe",
                     "name": "locdev:itemGroup.name.Scythes"
                  },
                  "items": [
                     "locdev:wood_scythe",
                     "locdev:stone_scythe",
                     "locdev:iron_scythe",
                     "locdev:gold_scythe",
                     "locdev:diamond_scythe",
                     "locdev:netherite_scythe",
                     "locdev:mythril_scythe",
                     "locdev:luminous_scythe"
                  ]
               }
            ]
         },
         {
            "category_name": "equipment",
            "groups": [
               {
                  "group_identifier": {
                     "icon": "locdev:iron_spear",
                     "name": "locdev:itemGroup.name.Spears"
                  },
                  "items": [
                     "locdev:wood_spear",
                     "locdev:stone_spear",
                     "locdev:iron_spear",
                     "locdev:gold_spear",
                     "locdev:diamond_spear",
                     "locdev:netherite_spear",
                     "locdev:mythril_spear"
                  ]
               }
            ]
         },
         {
            "category_name": "items",
            "groups": [
               {
                  "group_identifier": {
                     "icon": "locdev:cenarax_silver_coin",
                     "name": "locdev:itemGroup.name.Coins"
                  },
                  "items": [
                     "locdev:cenarax_silver_coin",
                     "locdev:cenarax_coin",
                     "locdev:cenarax_diamond_coin"
                  ]
               }
            ]
         }
      ]
   }
}