{
	"format_version": "1.20.50",
	"minecraft:item": {
		"description": {
			"identifier": "locdev:mythril_spear",
			"menu_category": {
				"category": "equipment",
				"group": "itemGroup.name.sword"
			}
		},
		"components": {
			"minecraft:max_stack_size": 1,
			"minecraft:icon": {
				"texture": "mythril_spear"
			},
			"minecraft:display_name": {
				"value": "Mythril Spear"
			},
			"minecraft:should_despawn": true,
			"minecraft:glint": false,
			"minecraft:damage": 11,
			"minecraft:can_destroy_in_creative": false,
			"minecraft:enchantable": {
				"slot": "sword",
				"value": 16
			},
			"minecraft:durability": {
				"max_durability": 2800
			},
			"minecraft:repairable": {
				"repair_items": [
					{
						"items": [
							"locdev:mythril_ingot"
						],
						"repair_amount": 500
					}
				]
			},
			"minecraft:tags": {
				"tags": [
					"minecraft:is_sword",
					"locdev:spear"
				]
			}
		}
	}
}