{
    "pools": [
        {
            "rolls": 1,
            "entries": [
                {
                    "type": "item",
                    "name": "locdev:luminous_scythe",
                    "weight": 1,
                    "functions": [
                        {
                            "function": "specific_enchants",
                            "enchants": [
                                {
                                    "level": 5,
                                    "id": "sharpness"
                                }
                            ]
                        }
                    ]
                }
            ]
        }
    ]
}