{
	"pools": [
		{
			"rolls": {
				"max": 2,
				"min": 1
			},
			"entries": [
				{
					"type": "item",
					"name": "locdev:mythril_ingot_mold",
					"weight": 3,
					"functions": [
						{
							"function": "set_count",
							"count": {
								"max": 2,
								"min": 1
							}
						}
					]
				},
				{
					"type": "item",
					"name": "locdev:basic_staff_mold",
					"weight": 2,
					"functions": [
						{
							"function": "set_count",
							"count": {
								"max": 1,
								"min": 1
							}
						}
					]
				},
				{
					"type": "item",
					"name": "locdev:enhanced_staff_mold",
					"weight": 1,
					"functions": [
						{
							"function": "set_count",
							"count": {
								"max": 1,
								"min": 1
							}
						}
					]
				},
				{
					"type": "item",
					"name": "locdev:sword_blade_mold",
					"weight": 1,
					"functions": [
						{
							"function": "set_count",
							"count": {
								"max": 1,
								"min": 1
							}
						}
					]
				}
			]
		}
	]
}