{
	"pools": [
		{
			"rolls": 1,
			"entries": [
				{
					"type": "item",
					"name": "locdev:spell_bound_fang",
					"weight": 10,
					"functions": [
						{
							"function": "set_count",
							"count": {
								"max": 1,
								"min": 1
							}
						}
					]
				},
				{
					"type": "item",
					"name": "locdev:spell_bound_lightning",
					"weight": 5,
					"functions": [
						{
							"function": "set_count",
							"count": {
								"max": 1,
								"min": 1
							}
						}
					]
				},
				{
					"type": "item",
					"name": "locdev:spell_bound_golem",
					"weight": 8,
					"functions": [
						{
							"function": "set_count",
							"count": {
								"max": 1,
								"min": 1
							}
						}
					]
				},
				{
					"type": "item",
					"name": "locdev:spell_bound_golem_silver",
					"weight": 5,
					"functions": [
						{
							"function": "set_count",
							"count": {
								"max": 1,
								"min": 1
							}
						}
					]
				},
				{
					"type": "item",
					"name": "locdev:spell_bound_zombie",
					"weight": 8,
					"functions": [
						{
							"function": "set_count",
							"count": {
								"max": 1,
								"min": 1
							}
						}
					]
				},
				{
					"type": "item",
					"name": "locdev:spell_bound_zombie_silver",
					"weight": 5,
					"functions": [
						{
							"function": "set_count",
							"count": {
								"max": 1,
								"min": 1
							}
						}
					]
				},
				{
					"type": "item",
					"name": "locdev:spell_bound_zombie_gold",
					"weight": 4,
					"functions": [
						{
							"function": "set_count",
							"count": {
								"max": 1,
								"min": 1
							}
						}
					]
				},
				{
					"type": "item",
					"name": "locdev:spell_bound_zombie_diamond",
					"weight": 3,
					"functions": [
						{
							"function": "set_count",
							"count": {
								"max": 1,
								"min": 1
							}
						}
					]
				}
			]
		}
	]
}