{
    "pools": [
        {
            "rolls": 3,
            "entries": [
                {
                    "type": "item",
                    "name": "minecraft:arrow",
                    "weight": 1,
                    "functions": [
                        {
                            "function": "set_count",
                            "count": {
                                "max": 1,
                                "min": 1
                            }
                        },
                        {
                            "function": "set_potion",
                            "id": "slowness"
                        }
                    ]
                }
            ]
        }
    ]
}