{
	"format_version": "1.13.0",
	"minecraft:entity": {
		"description": {
			"identifier": "locdev:random_placer_ranged_footsoldier",
			"is_spawnable": false,
			"is_experimental": false,
			"is_summonable": true
		},
		"component_groups": {
			"locdev:force_level_three": {
				"minecraft:transformation": {
					"into": "locdev:cenarax_guard_archer<locdev:spawn_as_tier_three>"
				}
			},
			"locdev:force_level_two": {
				"minecraft:transformation": {
					"into": "locdev:cenarax_guard_archer<locdev:spawn_as_tier_two>"
				}
			},
			"locdev:force_level_one": {
				"minecraft:transformation": {
					"into": "locdev:cenarax_guard_archer<locdev:spawn_as_tier_one>"
				}
			}
		},
		"components": {
			"minecraft:physics": {},
			"minecraft:transformation": {
				"into": "locdev:cenarax_guard_archer<minecraft:entity_spawned>",
				"delay": {
					"value": 4
				}
			}
		},
		"events": {
			"locdev:force_level_three": {
				"add": {
					"component_groups": [
						"locdev:force_level_three"
					]
				}
			},
			"locdev:force_level_two": {
				"add": {
					"component_groups": [
						"locdev:force_level_two"
					]
				}
			},
			"locdev:force_level_one": {
				"add": {
					"component_groups": [
						"locdev:force_level_one"
					]
				}
			}
		}
	}
}