{
	"format_version": "1.16.0",
	"minecraft:entity": {
		"description": {
			"identifier": "locdev:coven_melee_guard",
			"is_spawnable": true,
			"is_summonable": true,
			"is_experimental": false
		},
		"component_groups": {},
		"components": {
			"minecraft:damage_sensor": {
				"triggers": [
					{
						"on_damage": {
							"filters": {
								"test": "is_family",
								"subject": "other",
								"value": "coven"
							}
						},
						"deals_damage": false
					}
				]
			},
			"minecraft:behavior.door_interact": {},
			"minecraft:behavior.open_door": {
				"close_door_after": true
			},
			"minecraft:annotation.open_door": {},
			"minecraft:experience_reward": {
				"on_death": "query.last_hit_by_player?5+(query.equipment_count*math.random(1,3)):0"
			},
			"minecraft:equip_item": {},
			"minecraft:collision_box": {
				"height": 1.9,
				"width": 0.6
			},
			"minecraft:equipment": {
				"table": "loot_tables/entities/gear/coven_guard/coven_melee_guard.json"
			},
			"minecraft:type_family": {
				"family": [
					"coven",
					"mob"
				]
			},
			"minecraft:health": {
				"value": 20,
				"max": 20
			},
			"minecraft:hurt_on_condition": {
				"damage_conditions": [
					{
						"filters": {
							"test": "in_lava",
							"subject": "self",
							"operator": "==",
							"value": true
						},
						"cause": "lava",
						"damage_per_tick": 4
					}
				]
			},
			"minecraft:movement": {
				"value": 0.25
			},
			"minecraft:navigation.walk": {
				"is_amphibious": true,
				"avoid_sun": true,
				"avoid_water": true
			},
			"minecraft:movement.basic": {},
			"minecraft:jump.static": {},
			"minecraft:can_climb": {},
			"minecraft:nameable": {
				"always_show": false,
				"allow_name_tag_renaming": true
			},
			"minecraft:despawn": {
				"despawn_from_distance": {}
			},
			"minecraft:behavior.hurt_by_target": {
				"priority": 1,
				"alert_same_type": true,
				"entity_types": {
					"filters": {
						"any_of": [
							{
								"test": "is_family",
								"subject": "other",
								"operator": "!=",
								"value": "player"
							}
						]
					},
					"check_if_outnumbered": true,
					"sprint_speed_multiplier": 1.5,
					"walk_speed_multiplier": 1.2,
					"must_see": true,
					"max_dist": 64
				}
			},
			"minecraft:behavior.nearest_attackable_target": {
				"priority": 2,
				"within_radius": 25,
				"reselect_targets": true,
				"entity_types": [
					{
						"filters": {
							"any_of": [
								{
									"test": "is_family",
									"subject": "other",
									"value": "cenarax"
								},
								{
									"test": "is_family",
									"subject": "other",
									"value": "monster"
								},
								{
									"test": "is_family",
									"subject": "other",
									"value": "illager"
								}
							]
						},
						"max_dist": 35
					}
				],
				"must_see": true,
				"must_see_forget_duration": 17
			},
			"minecraft:behavior.random_stroll": {
				"priority": 6,
				"speed_multiplier": 1
			},
			"minecraft:behavior.look_at_player": {
				"priority": 7,
				"look_distance": 8
			},
			"minecraft:behavior.random_look_around": {
				"priority": 8
			},
			"minecraft:physics": {},
			"minecraft:pushable": {
				"is_pushable": true,
				"is_pushable_by_piston": true
			},
			"minecraft:underwater_movement": {
				"value": 0.02
			},
			"minecraft:scale": {
				"value": 1
			},
			"minecraft:attack": {
				"damage": 3
			},
			"minecraft:behavior.melee_attack": {
				"priority": 2,
				"speed_multiplier": 1,
				"look_distance": 0,
				"random_stop_interval": 100,
				"track_target": true,
				"reach_multiplier": 1.4
			},
			"minecraft:behavior.owner_hurt_by_target": {
				"priority": 1
			},
			"minecraft:behavior.owner_hurt_target": {
				"priority": 2
			}
		},
		"events": {}
	}
}