{
	"format_version": "1.13.0",
	"minecraft:entity": {
		"description": {
			"identifier": "locdev:coven_witch",
			"is_spawnable": true,
			"is_summonable": true,
			"is_experimental": false
		},
		"component_groups": {
			"locdev:spawn_as_rare_trader": {
				"minecraft:variant": {
					"value": 1
				},
				"minecraft:trade_table": {
					"display_name": "Coven Witch Leader",
					"new_screen": true,
					"table": "trading/coven/coven_witch_rare.json",
					"hero_demand_discount": -4,
					"persist_trades": true
				},
				"minecraft:economy_trade_table": {
					"display_name": "Coven Witch Leader",
					"show_trade_screen": true,
					"new_screen": true,
					"table": "trading/coven/coven_witch_rare.json",
					"hero_demand_discount": -4,
					"persist_trades": true
				}
			},
			"locdev:go_home": {
				"minecraft:behavior.go_home": {
					"speed_multiplier": 1.5,
					"goal_radius": 0.5,
					"interval": 120,
					"on_home": {
						"event": "locdev:home"
					},
					"priority": 1
				}
			},
			"locdev:home": {
				"minecraft:trade_resupply": {},
				"minecraft:spell_effects": {
					"add_effects": [
						{
							"effect": "regeneration",
							"amplifier": 5,
							"duration": 10,
							"visible": true
						},
						{
							"effect": "health_boost",
							"amplifier": 3,
							"duration": 600,
							"visible": true
						}
					]
				}
			}
		},
		"components": {
			"minecraft:damage_sensor": {
				"triggers": [
					{
						"on_damage": {
							"filters": {
								"test": "is_family",
								"subject": "other",
								"value": "coven"
							}
						},
						"deals_damage": false
					}
				]
			},
			"minecraft:timer": {
				"looping": true,
				"time_down_event": {
					"event": "locdev:go_home"
				},
				"time": 300
			},
			"minecraft:variant": {
				"value": 0
			},
			"minecraft:nameable": {},
			"minecraft:type_family": {
				"family": [
					"coven_witch",
					"mob",
					"coven"
				]
			},
			"minecraft:annotation.open_door": {},
			"minecraft:behavior.door_interact": {},
			"minecraft:behavior.open_door": {
				"close_door_after": true
			},
			"minecraft:home": {
				"home_block_list": [
					"bed"
				],
				"restriction_radius": 30
			},
			"minecraft:buoyant": {
				"liquid_blocks": [
					"water"
				],
				"apply_gravity": true,
				"base_buoyancy": 1,
				"big_wave_probability": 0.03,
				"big_wave_speed": 10,
				"drag_down_on_buoyancy_removed": 0,
				"simulate_waves": true
			},
			"minecraft:pushable": {
				"is_pushable": true,
				"is_pushable_by_piston": true
			},
			"minecraft:physics": {
				"has_collision": true,
				"has_gravity": true
			},
			"minecraft:collision_box": {
				"width": 0.6,
				"height": 1.9
			},
			"minecraft:movement": {
				"max": 0.25,
				"value": 0.25
			},
			"minecraft:movement.basic": {},
			"minecraft:navigation.walk": {
				"is_amphibious": true,
				"can_pass_doors": true,
				"can_walk": true,
				"can_break_doors": false,
				"can_open_doors": true,
				"avoid_damage_blocks": true,
				"avoid_portals": true,
				"avoid_sun": false,
				"avoid_water": true,
				"can_jump": true,
				"can_float": true
			},
			"minecraft:jump.static": {},
			"minecraft:can_climb": {},
			"minecraft:behavior.trade_with_player": {
				"priority": 1
			},
			"minecraft:behavior.trade_interest": {
				"carried_item_switch_time": 2,
				"cooldown": 2,
				"interest_time": 45,
				"remove_item_time": 1,
				"within_radius": 20
			},
			"minecraft:behavior.restrict_open_door": {},
			"minecraft:health": {
				"value": 20,
				"max": 20
			},
			"minecraft:trade_table": {
				"display_name": "Coven Witch",
				"new_screen": true,
				"table": "trading/coven/coven_witch.json",
				"hero_demand_discount": -4,
				"persist_trades": true
			},
			"minecraft:economy_trade_table": {
				"display_name": "Coven Witch",
				"show_trade_screen": true,
				"new_screen": true,
				"table": "trading/coven/coven_witch.json",
				"hero_demand_discount": -4,
				"persist_trades": true
			},
			"minecraft:hurt_on_condition": {
				"damage_conditions": [
					{
						"filters": {
							"test": "in_lava",
							"subject": "self",
							"operator": "==",
							"value": true
						},
						"cause": "lava",
						"damage_per_tick": 4
					}
				]
			},
			"minecraft:breathable": {
				"total_supply": 15,
				"suffocate_time": 0,
				"breathes_air": true,
				"breathes_water": true
			},
			"minecraft:behavior.avoid_mob_type": {
				"ignore_visibility": false,
				"sprint_speed_multiplier": 1.5,
				"walk_speed_multiplier": 1.3,
				"max_dist": 5,
				"entity_types": "zombie",
				"sprint_distance": 7
			},
			"minecraft:loot": {
				"table": "loot_tables/entities/coven_witch.json"
			},
			"minecraft:behavior.random_stroll": {
				"priority": 6,
				"speed_multiplier": 1
			},
			"minecraft:behavior.look_at_player": {
				"priority": 7,
				"look_distance": 6,
				"probability": 0.02
			},
			"minecraft:behavior.random_look_around": {
				"priority": 7
			}
		},
		"events": {
			"minecraft:entity_spawned": {},
			"locdev:home": {
				"add": {
					"component_groups": [
						"locdev:home"
					]
				}
			},
			"locdev:spawn_as_coven_witch_leader": {
				"add": {
					"component_groups": [
						"locdev:spawn_as_rare_trader"
					]
				}
			},
			"locdev:go_home": {
				"add": {
					"component_groups": [
						"locdev:go_home"
					]
				}
			}
		}
	}
}