{
	"pools": [
		{
			"rolls": 1,
			"entries": [
				{
					"type": "loot_table",
					"name": "loot_tables/default_drops_cenarax.json",
					"weight": 1
				},
				{
					"type": "item",
					"name": "locdev:mythril_dust",
					"weight": 1,
					"functions": [
						{
							"function": "set_count",
							"count": {
								"max": 2,
								"min": 1
							}
						}
					]
				}
			]
		},
		{
			"conditions": [
				{
					"condition": "has_mark_variant",
					"value": 3
				}
			],
			"entries": [
				{
					"type": "item",
					"name": "minecraft:totem_of_undying",
					"weight": 1
				}
			]
		},
		{
			"rolls": {
				"max": 2,
				"min": 1
			},
			"entries": [
				{
					"type": "item",
					"weight": 1,
					"pools": [
						{
							"rolls": 1,
							"entries": [
								{
									"type": "item",
									"name": "locdev:mythril_sword",
									"weight": 5,
									"functions": [
										{
											"function": "enchant_random_gear",
											"chance": 1
										}
									]
								},
								{
									"type": "item",
									"name": "locdev:mythril_helmet",
									"weight": 4,
									"functions": [
										{
											"function": "enchant_random_gear",
											"chance": 1
										}
									]
								},
								{
									"type": "item",
									"name": "locdev:mythril_chestplate",
									"weight": 1,
									"functions": [
										{
											"function": "enchant_random_gear",
											"chance": 1
										}
									]
								},
								{
									"type": "item",
									"name": "locdev:mythril_leggings",
									"weight": 2,
									"functions": [
										{
											"function": "enchant_random_gear",
											"chance": 1
										}
									]
								},
								{
									"type": "item",
									"name": "locdev:mythril_boots",
									"weight": 3,
									"functions": [
										{
											"function": "enchant_random_gear",
											"chance": 1
										}
									]
								}
							]
						}
					]
				}
			]
		}
	]
}