{
	"format_version": "1.21.20",
	"minecraft:template_pool": {
		"description": {
			"identifier": "locdev:cenarax_stronghold_decorations"
		},
		"elements": [
			{
				"element": {
					"element_type": "minecraft:single_pool_element",
					"location": "cenarax_stronghold/tunnels/junction_decor/decor_one",
					"processors": "locdev:cenarax_stronghold_processor"
				},
				"weight": 5
			},
			{
				"element": {
					"element_type": "minecraft:single_pool_element",
					"location": "cenarax_stronghold/tunnels/junction_decor/decor_two",
					"processors": "locdev:cenarax_stronghold_processor"
				},
				"weight": 5
			},
			{
				"element": {
					"element_type": "minecraft:single_pool_element",
					"location": "cenarax_stronghold/tunnels/junction_decor/decor_three",
					"processors": "locdev:cenarax_stronghold_processor"
				},
				"weight": 4
			},
			{
				"element": {
					"element_type": "minecraft:single_pool_element",
					"location": "cenarax_stronghold/tunnels/junction_decor/decor_four",
					"processors": "locdev:cenarax_stronghold_processor"
				},
				"weight": 5
			},
			{
				"element": {
					"element_type": "minecraft:single_pool_element",
					"location": "cenarax_stronghold/tunnels/junction_decor/decor_five",
					"processors": "locdev:cenarax_stronghold_processor"
				},
				"weight": 5
			},
			{
				"element": {
					"element_type": "minecraft:single_pool_element",
					"location": "cenarax_stronghold/tunnels/junction_decor/decor_six",
					"processors": "locdev:cenarax_stronghold_processor"
				},
				"projection": "rigid",
				"weight": 5
			},
			{
				"element": {
					"element_type": "minecraft:single_pool_element",
					"location": "cenarax_stronghold/tunnels/junction_decor/decor_seven",
					"processors": "locdev:cenarax_stronghold_processor"
				},
				"projection": "rigid",
				"weight": 3
			}
		]
	}
}