{
    "format_version": "1.21.20",
    "minecraft:template_pool": {
        "description": {
            "identifier": "locdev:cenarax_outpost_buildings"
        },
        "elements": [
            {
                "element": {
                    "element_type": "minecraft:single_pool_element",
                    "location": "cenarax_outpost/buildings/cenarax_outpost_building1",
                    "processors": "locdev:cenarax_outpost_decay"
                },
                "projection": "rigid",
                "weight": 1
            },
            {
                "element": {
                    "element_type": "minecraft:single_pool_element",
                    "location": "cenarax_outpost/buildings/cenarax_outpost_building2",
                    "processors": "locdev:cenarax_outpost_decay"
                },
                "projection": "rigid",
                "weight": 2
            },
            {
                "element": {
                    "element_type": "minecraft:single_pool_element",
                    "location": "cenarax_outpost/buildings/cenarax_outpost_building3",
                    "processors": "locdev:cenarax_outpost_decay"
                },
                "projection": "rigid",
                "weight": 2
            },
            {
                "element": {
                    "element_type": "minecraft:single_pool_element",
                    "location": "cenarax_outpost/buildings/cenarax_outpost_building4",
                    "processors": "locdev:cenarax_outpost_decay"
                },
                "projection": "rigid",
                "weight": 2
            },
            {
                "element": {
                    "element_type": "minecraft:single_pool_element",
                    "location": "cenarax_outpost/buildings/cenarax_outpost_building5",
                    "processors": "locdev:cenarax_outpost_decay"
                },
                "projection": "rigid",
                "weight": 1
            },
            {
                "element": {
                    "element_type": "minecraft:single_pool_element",
                    "location": "cenarax_outpost/buildings/cenarax_outpost_building6",
                    "processors": "locdev:cenarax_outpost_decay"
                },
                "projection": "rigid",
                "weight": 1
            },
            {
                "element": {
                    "element_type": "minecraft:single_pool_element",
                    "location": "cenarax_outpost/buildings/cenarax_outpost_building7",
                    "processors": "locdev:cenarax_outpost_decay"
                },
                "projection": "rigid",
                "weight": 1
            },
            {
                "element": {
                    "element_type": "minecraft:single_pool_element",
                    "location": "cenarax_outpost/buildings/cenarax_outpost_building8",
                    "processors": "locdev:cenarax_outpost_decay"
                },
                "projection": "rigid",
                "weight": 1
            },
            {
                "element": {
                    "element_type": "minecraft:single_pool_element",
                    "location": "cenarax_outpost/buildings/cenarax_outpost_building9",
                    "processors": "locdev:cenarax_outpost_decay"
                },
                "projection": "rigid",
                "weight": 1
            },
            {
                "element": {
                    "element_type": "minecraft:single_pool_element",
                    "location": "cenarax_outpost/buildings/cenarax_outpost_building10",
                    "processors": "locdev:cenarax_outpost_decay"
                },
                "projection": "rigid",
                "weight": 1
            },
            {
                "element": {
                    "element_type": "minecraft:single_pool_element",
                    "location": "cenarax_outpost/buildings/cenarax_outpost_building11",
                    "processors": "locdev:cenarax_outpost_decay"
                },
                "projection": "rigid",
                "weight": 1
            },
            {
                "element": {
                    "element_type": "minecraft:single_pool_element",
                    "location": "cenarax_outpost/buildings/cenarax_outpost_building12",
                    "processors": "locdev:cenarax_outpost_decay"
                },
                "projection": "rigid",
                "weight": 1
            },
            {
                "element": {
                    "element_type": "minecraft:single_pool_element",
                    "location": "cenarax_outpost/buildings/cenarax_outpost_building13",
                    "processors": "locdev:cenarax_outpost_decay"
                },
                "projection": "rigid",
                "weight": 1
            },
            {
                "element": {
                    "element_type": "minecraft:single_pool_element",
                    "location": "cenarax_outpost/buildings/cenarax_outpost_building14",
                    "processors": "locdev:cenarax_outpost_decay"
                },
                "projection": "rigid",
                "weight": 1
            },
            {
                "element": {
                    "element_type": "minecraft:single_pool_element",
                    "location": "cenarax_outpost/buildings/cenarax_outpost_building15",
                    "processors": "locdev:cenarax_outpost_decay"
                },
                "projection": "rigid",
                "weight": 1
            },
            {
                "element": {
                    "element_type": "minecraft:single_pool_element",
                    "location": "cenarax_outpost/buildings/cenarax_outpost_building16",
                    "processors": "locdev:cenarax_outpost_decay"
                },
                "projection": "rigid",
                "weight": 1
            },
            {
                "element": {
                    "element_type": "minecraft:single_pool_element",
                    "location": "cenarax_outpost/buildings/cenarax_outpost_building17",
                    "processors": "locdev:cenarax_outpost_decay"
                },
                "projection": "rigid",
                "weight": 1
            },
            {
                "element": {
                    "element_type": "minecraft:single_pool_element",
                    "location": "cenarax_outpost/buildings/cenarax_outpost_building18",
                    "processors": "locdev:cenarax_outpost_decay"
                },
                "projection": "rigid",
                "weight": 1
            },
            {
                "element": {
                    "element_type": "minecraft:single_pool_element",
                    "location": "cenarax_outpost/buildings/cenarax_outpost_building19",
                    "processors": "locdev:cenarax_outpost_decay"
                },
                "projection": "rigid",
                "weight": 1
            },
            {
                "element": {
                    "element_type": "minecraft:single_pool_element",
                    "location": "cenarax_outpost/buildings/cenarax_outpost_building21",
                    "processors": "locdev:cenarax_outpost_decay"
                },
                "projection": "rigid",
                "weight": 1
            },
            {
                "element": {
                    "element_type": "minecraft:single_pool_element",
                    "location": "cenarax_outpost/buildings/cenarax_outpost_building22",
                    "processors": "locdev:cenarax_outpost_decay"
                },
                "projection": "rigid",
                "weight": 1
            },
            {
                "element": {
                    "element_type": "minecraft:single_pool_element",
                    "location": "cenarax_outpost/buildings/cenarax_outpost_building23",
                    "processors": "locdev:cenarax_outpost_decay"
                },
                "projection": "rigid",
                "weight": 1
            },
            {
                "element": {
                    "element_type": "minecraft:single_pool_element",
                    "location": "cenarax_outpost/buildings/cenarax_outpost_building24",
                    "processors": "locdev:cenarax_outpost_decay"
                },
                "projection": "rigid",
                "weight": 1
            }
        ]
    }
}