{
	"format_version": "1.21.20",
	"minecraft:template_pool": {
		"description": {
			"identifier": "locdev:cenarax_stronghold_tunnels"
		},
		"fallback": "locdev:cenarax_stronghold_fallback",
		"elements": [
			{
				"element": {
					"element_type": "minecraft:single_pool_element",
					"location": "cenarax_stronghold/tunnels/cs_junction",
					"processors": "locdev:cenarax_stronghold_processor"
				},
				"projection": "rigid",
				"weight": 8
			},
			{
				"element": {
					"element_type": "minecraft:single_pool_element",
					"location": "cenarax_stronghold/tunnels/cs_tunnel_one",
					"processors": "locdev:cenarax_stronghold_processor"
				},
				"projection": "rigid",
				"weight": 10
			},
			{
				"element": {
					"element_type": "minecraft:single_pool_element",
					"location": "cenarax_stronghold/tunnels/cs_tunnel_two",
					"processors": "locdev:cenarax_stronghold_processor"
				},
				"projection": "rigid",
				"weight": 9
			},
			{
				"element": {
					"element_type": "minecraft:single_pool_element",
					"location": "cenarax_stronghold/tunnels/cs_stairwell_one",
					"processors": "locdev:cenarax_stronghold_processor"
				},
				"projection": "rigid",
				"weight": 7
			},
			{
				"element": {
					"element_type": "minecraft:single_pool_element",
					"location": "cenarax_stronghold/tunnels/cs_stairwell_two",
					"processors": "locdev:cenarax_stronghold_processor"
				},
				"projection": "rigid",
				"weight": 7
			},
			{
				"element": {
					"element_type": "minecraft:single_pool_element",
					"location": "cenarax_stronghold/tunnels/room",
					"processors": "locdev:cenarax_stronghold_processor"
				},
				"projection": "rigid",
				"weight": 5
			}
		]
	}
}