{
    "format_version": "1.21.20",
    "minecraft:template_pool": {
        "description": {
            "identifier": "locdev:cenarax_outpost_second_baseplate"
        },
        "elements": [
            {
                "element": {
                    "element_type": "minecraft:single_pool_element",
                    "location": "cenarax_outpost/base_plates/outer/cenarax_outpost_outerbaseplate",
                    "processors": "locdev:cenarax_outpost_decay"
                },
                "projection": "terrain_matching",
                "weight": 1
            }
        ]
    }
}