{
    "format_version": "1.21.20",
    "minecraft:template_pool": {
        "description": {
            "identifier": "locdev:cenarax_outpost_tower"
        },
        "elements": [
            {
                "element": {
                    "element_type": "minecraft:single_pool_element",
                    "location": "cenarax_outpost/tower/cenarax_outpost_tower1",
                    "processors": "locdev:cenarax_outpost_decay"
                },
                "projection": "rigid",
                "weight": 1
            }
        ]
    }
}