{
	"format_version": "1.21.20",
	"minecraft:template_pool": {
		"description": {
			"identifier": "locdev:cenarax_stronghold_room_interior"
		},
		"elements": [
			{
				"element": {
					"element_type": "minecraft:single_pool_element",
					"location": "cenarax_stronghold/room_interiors/room_interior_one",
					"processors": "locdev:cenarax_stronghold_processor"
				},
				"projection": "rigid",
				"weight": 1
			},
			{
				"element": {
					"element_type": "minecraft:single_pool_element",
					"location": "cenarax_stronghold/room_interiors/room_interior_two",
					"processors": "locdev:cenarax_stronghold_processor"
				},
				"projection": "rigid",
				"weight": 1
			},
			{
				"element": {
					"element_type": "minecraft:single_pool_element",
					"location": "cenarax_stronghold/room_interiors/room_interior_three",
					"processors": "locdev:cenarax_stronghold_processor"
				},
				"projection": "rigid",
				"weight": 1
			},
			{
				"element": {
					"element_type": "minecraft:single_pool_element",
					"location": "cenarax_stronghold/room_interiors/room_interior_four",
					"processors": "locdev:cenarax_stronghold_processor"
				},
				"projection": "rigid",
				"weight": 1
			},
			{
				"element": {
					"element_type": "minecraft:single_pool_element",
					"location": "cenarax_stronghold/room_interiors/room_interior_five",
					"processors": "locdev:cenarax_stronghold_processor"
				},
				"projection": "rigid",
				"weight": 1
			},
			{
				"element": {
					"element_type": "minecraft:single_pool_element",
					"location": "cenarax_stronghold/room_interiors/room_interior_six",
					"processors": "locdev:cenarax_stronghold_processor"
				},
				"projection": "rigid",
				"weight": 1
			},
			{
				"element": {
					"element_type": "minecraft:single_pool_element",
					"location": "cenarax_stronghold/room_interiors/room_interior_seven",
					"processors": "locdev:cenarax_stronghold_processor"
				},
				"projection": "rigid",
				"weight": 1
			},
			{
				"element": {
					"element_type": "minecraft:single_pool_element",
					"location": "cenarax_stronghold/room_interiors/room_interior_eight",
					"processors": "locdev:cenarax_stronghold_processor"
				},
				"projection": "rigid",
				"weight": 1
			},
			{
				"element": {
					"element_type": "minecraft:single_pool_element",
					"location": "cenarax_stronghold/room_interiors/room_interior_nine",
					"processors": "locdev:cenarax_stronghold_processor"
				},
				"projection": "rigid",
				"weight": 1
			},
			{
				"element": {
					"element_type": "minecraft:single_pool_element",
					"location": "cenarax_stronghold/room_interiors/room_interior_ten",
					"processors": "locdev:cenarax_stronghold_processor"
				},
				"projection": "rigid",
				"weight": 1
			}
		]
	}
}