{
    "format_version": "1.21.20",
    "minecraft:template_pool": {
        "description": {
            "identifier": "locdev:farm_animals"
        },
        "elements": [
            {
                "element": {
                    "element_type": "minecraft:single_pool_element",
                    "location": "swamp_village/inhabitants/farm_animals1",
                    "processors": "locdev:swamp_village_processor"
                },
                "projection": "rigid",
                "weight": 1
            }
        ]
    }
}