{
	"format_version": "1.21.20",
	"minecraft:template_pool": {
		"description": {
			"identifier": "locdev:forbidden_fortress_courtyard1"
		},
		"elements": [
			{
				"element": {
					"element_type": "minecraft:single_pool_element",
					"location": "forbidden_fortress/decor/courtyard_one/barrel_4",
					"processors": "locdev:forbidden_fortress_decay"
				},
				"projection": "rigid",
				"weight": 1
			},
			{
				"element": {
					"element_type": "minecraft:single_pool_element",
					"location": "forbidden_fortress/decor/courtyard_one/brewing1",
					"processors": "locdev:forbidden_fortress_decay"
				},
				"projection": "rigid",
				"weight": 2
			},
			{
				"element": {
					"element_type": "minecraft:single_pool_element",
					"location": "forbidden_fortress/decor/courtyard_one/crate_4",
					"processors": "locdev:forbidden_fortress_tree"
				},
				"projection": "rigid",
				"weight": 3
			}
		]
	}
}