{
    "format_version": "1.21.20",
    "minecraft:template_pool": {
        "description": {
            "identifier": "locdev:garrison"
        },
        "elements": [
            {
                "element": {
                    "element_type": "minecraft:single_pool_element",
                    "location": "global/garrison/commander",
                    "processors": "locdev:cenarax_outpost_decay"
                },
                "projection": "rigid",
                "weight": 1
            },
            {
                "element": {
                    "element_type": "minecraft:single_pool_element",
                    "location": "global/garrison/royal_guard",
                    "processors": "locdev:cenarax_outpost_decay"
                },
                "projection": "rigid",
                "weight": 1
            },
            {
                "element": {
                    "element_type": "minecraft:single_pool_element",
                    "location": "global/garrison/melee_footsoldier",
                    "processors": "locdev:cenarax_outpost_decay"
                },
                "projection": "rigid",
                "weight": 1
            },
            {
                "element": {
                    "element_type": "minecraft:single_pool_element",
                    "location": "global/garrison/ranged_footsoldier",
                    "processors": "locdev:cenarax_outpost_decay"
                },
                "projection": "rigid",
                "weight": 1
            },
            {
                "element": {
                    "element_type": "minecraft:single_pool_element",
                    "location": "global/garrison/crossbow_footsoldier",
                    "processors": "locdev:cenarax_outpost_decay"
                },
                "projection": "rigid",
                "weight": 1
            },
            {
                "element": {
                    "element_type": "minecraft:single_pool_element",
                    "location": "global/garrison/war_boar",
                    "processors": "locdev:cenarax_outpost_decay"
                },
                "projection": "rigid",
                "weight": 1
            },
            {
                "element": {
                    "element_type": "minecraft:single_pool_element",
                    "location": "forbidden_fortress/inhabitants/coven_witch",
                    "processors": "locdev:cenarax_outpost_decay"
                },
                "projection": "rigid",
                "weight": 1
            },
            {
                "element": {
                    "element_type": "minecraft:single_pool_element",
                    "location": "forbidden_fortress/inhabitants/coven_melee_guard",
                    "processors": "locdev:cenarax_outpost_decay"
                },
                "projection": "rigid",
                "weight": 1
            },
            {
                "element": {
                    "element_type": "minecraft:single_pool_element",
                    "location": "forbidden_fortress/inhabitants/coven_archer",
                    "processors": "locdev:cenarax_outpost_decay"
                },
                "projection": "rigid",
                "weight": 1
            },
            {
                "element": {
                    "element_type": "minecraft:single_pool_element",
                    "location": "highlands_outpost/garrison/highlands_commander",
                    "processors": "locdev:highlands_outpost_decay"
                },
                "projection": "rigid",
                "weight": 1
            },
            {
                "element": {
                    "element_type": "minecraft:single_pool_element",
                    "location": "highlands_outpost/garrison/highlands_guard",
                    "processors": "locdev:highlands_outpost_decay"
                },
                "projection": "rigid",
                "weight": 1
            },
            {
                "element": {
                    "element_type": "minecraft:single_pool_element",
                    "location": "global/garrison/stray",
                    "processors": "locdev:highlands_outpost_decay"
                },
                "projection": "rigid",
                "weight": 1
            },
            {
                "element": {
                    "element_type": "minecraft:single_pool_element",
                    "location": "global/garrison/evoker",
                    "processors": "locdev:highlands_outpost_decay"
                },
                "projection": "rigid",
                "weight": 1
            },
            {
                "element": {
                    "element_type": "minecraft:single_pool_element",
                    "location": "global/garrison/miniboss/luminous_knight",
                    "processors": "locdev:highlands_outpost_decay"
                },
                "projection": "rigid",
                "weight": 1
            },
            {
                "element": {
                    "element_type": "minecraft:single_pool_element",
                    "location": "global/garrison/boss/grand_summoner",
                    "processors": "locdev:highlands_outpost_decay"
                },
                "projection": "rigid",
                "weight": 1
            },
            {
                "element": {
                    "element_type": "minecraft:single_pool_element",
                    "location": "global/garrison/boss/king_undead",
                    "processors": "locdev:highlands_outpost_decay"
                },
                "projection": "rigid",
                "weight": 1
            }
        ]
    }
}