{
	"format_version": "1.21.20",
	"minecraft:template_pool": {
		"description": {
			"identifier": "locdev:grand_library_corridor_center"
		},
		"elements": [
			{
				"element": {
					"element_type": "minecraft:single_pool_element",
					"location": "grand_library/center_piece/center_table",
					"processors": "locdev:grand_library_center_piece_decay"
				},
				"projection": "rigid",
				"weight": 1
			},
			{
				"element": {
					"element_type": "minecraft:single_pool_element",
					"location": "grand_library/center_piece/center_shelves1",
					"processors": "locdev:grand_library_center_piece_decay"
				},
				"projection": "rigid",
				"weight": 1
			}
		]
	}
}