{
    "format_version": "1.21.20",
    "minecraft:template_pool": {
        "description": {
            "identifier": "locdev:grave_placer"
        },
        "elements": [
            {
                "element": {
                    "element_type": "minecraft:single_pool_element",
                    "location": "graveyard/grave_one",
                    "processors": "locdev:graveyard_decay"
                },
                "projection": "rigid",
                "weight": 1
            },
            {
                "element": {
                    "element_type": "minecraft:single_pool_element",
                    "location": "graveyard/grave_two",
                    "processors": "locdev:graveyard_decay"
                },
                "projection": "rigid",
                "weight": 1
            },
            {
                "element": {
                    "element_type": "minecraft:single_pool_element",
                    "location": "graveyard/grave_three",
                    "processors": "locdev:graveyard_decay"
                },
                "projection": "rigid",
                "weight": 1
            },
            {
                "element": {
                    "element_type": "minecraft:single_pool_element",
                    "location": "graveyard/grave_four",
                    "processors": "locdev:graveyard_decay"
                },
                "projection": "rigid",
                "weight": 1
            },
            {
                "element": {
                    "element_type": "minecraft:single_pool_element",
                    "location": "graveyard/grave_five",
                    "processors": "locdev:graveyard_decay"
                },
                "projection": "rigid",
                "weight": 1
            },
            {
                "element": {
                    "element_type": "minecraft:single_pool_element",
                    "location": "graveyard/grave_six",
                    "processors": "locdev:graveyard_decay"
                },
                "projection": "rigid",
                "weight": 1
            }
        ]
    }
}