{
    "format_version": "1.21.20",
    "minecraft:template_pool": {
        "description": {
            "identifier": "locdev:highlands_outpost_buildings"
        },
        "elements": [
            {
                "element": {
                    "element_type": "minecraft:single_pool_element",
                    "location": "highlands_outpost/buildings/highlands_outpost_building1",
                    "processors": "locdev:highlands_outpost_decay"
                },
                "projection": "rigid",
                "weight": 1
            },
            {
                "element": {
                    "element_type": "minecraft:single_pool_element",
                    "location": "highlands_outpost/buildings/highlands_outpost_building2",
                    "processors": "locdev:highlands_outpost_decay"
                },
                "projection": "rigid",
                "weight": 2
            },
            {
                "element": {
                    "element_type": "minecraft:single_pool_element",
                    "location": "highlands_outpost/buildings/highlands_outpost_building3",
                    "processors": "locdev:highlands_outpost_decay"
                },
                "projection": "rigid",
                "weight": 2
            },
            {
                "element": {
                    "element_type": "minecraft:single_pool_element",
                    "location": "highlands_outpost/buildings/highlands_outpost_building5",
                    "processors": "locdev:highlands_outpost_decay"
                },
                "projection": "rigid",
                "weight": 2
            },
            {
                "element": {
                    "element_type": "minecraft:single_pool_element",
                    "location": "highlands_outpost/buildings/highlands_outpost_building6",
                    "processors": "locdev:highlands_outpost_decay"
                },
                "projection": "rigid",
                "weight": 1
            },
            {
                "element": {
                    "element_type": "minecraft:single_pool_element",
                    "location": "highlands_outpost/buildings/highlands_outpost_building7",
                    "processors": "locdev:highlands_outpost_decay"
                },
                "projection": "rigid",
                "weight": 1
            },
            {
                "element": {
                    "element_type": "minecraft:single_pool_element",
                    "location": "highlands_outpost/buildings/highlands_outpost_building8",
                    "processors": "locdev:highlands_outpost_decay"
                },
                "projection": "rigid",
                "weight": 1
            },
            {
                "element": {
                    "element_type": "minecraft:single_pool_element",
                    "location": "highlands_outpost/buildings/highlands_outpost_building9",
                    "processors": "locdev:highlands_outpost_decay"
                },
                "projection": "rigid",
                "weight": 2
            },
            {
                "element": {
                    "element_type": "minecraft:single_pool_element",
                    "location": "highlands_outpost/buildings/highlands_outpost_building10",
                    "processors": "locdev:highlands_outpost_decay"
                },
                "projection": "rigid",
                "weight": 1
            },
            {
                "element": {
                    "element_type": "minecraft:single_pool_element",
                    "location": "highlands_outpost/buildings/highlands_outpost_building11",
                    "processors": "locdev:highlands_outpost_decay"
                },
                "projection": "rigid",
                "weight": 1
            },
            {
                "element": {
                    "element_type": "minecraft:single_pool_element",
                    "location": "highlands_outpost/buildings/highlands_outpost_building12",
                    "processors": "locdev:highlands_outpost_decay"
                },
                "projection": "rigid",
                "weight": 2
            },
            {
                "element": {
                    "element_type": "minecraft:single_pool_element",
                    "location": "highlands_outpost/buildings/highlands_outpost_building13",
                    "processors": "locdev:highlands_outpost_decay"
                },
                "projection": "rigid",
                "weight": 1
            },
            {
                "element": {
                    "element_type": "minecraft:single_pool_element",
                    "location": "highlands_outpost/buildings/highlands_outpost_building14",
                    "processors": "locdev:highlands_outpost_decay"
                },
                "projection": "rigid",
                "weight": 1
            },
            {
                "element": {
                    "element_type": "minecraft:single_pool_element",
                    "location": "highlands_outpost/buildings/highlands_outpost_building15",
                    "processors": "locdev:highlands_outpost_decay"
                },
                "projection": "rigid",
                "weight": 1
            }
        ]
    }
}