{
    "format_version": "1.21.20",
    "minecraft:template_pool": {
        "description": {
            "identifier": "locdev:highlands_outpost_garrison"
        },
        "elements": [
            {
                "element": {
                    "element_type": "minecraft:single_pool_element",
                    "location": "highlands_outpost/garrison/highlands_commander",
                    "processors": "locdev:highlands_outpost_decay"
                },
                "projection": "rigid",
                "weight": 1
            },
            {
                "element": {
                    "element_type": "minecraft:single_pool_element",
                    "location": "highlands_outpost/garrison/highlands_guard",
                    "processors": "locdev:highlands_outpost_decay"
                },
                "projection": "rigid",
                "weight": 1
            }
        ]
    }
}