{
    "format_version": "1.21.20",
    "minecraft:template_pool": {
        "description": {
            "identifier": "locdev:highlands_fortress_full"
        },
        "elements": [
            {
                "element": {
                    "element_type": "minecraft:single_pool_element",
                    "location": "highlands_fortress/highlands_fortress",
                    "processors": "locdev:highlands_fortress_decay"
                },
                "projection": "rigid",
                "weight": 1
            }
        ]
    }
}