{
	"format_version": "1.21.20",
	"minecraft:template_pool": {
		"description": {
			"identifier": "locdev:loot"
		},
		"elements": [
			{
				"element": {
					"element_type": "minecraft:single_pool_element",
					"location": "highlands_fortress/chests/highlands_fortress_chest",
					"processors": "locdev:highlands_fortress_decay"
				},
				"projection": "rigid",
				"weight": 1
			},
			{
				"element": {
					"element_type": "minecraft:single_pool_element",
					"location": "ruins/chests/ruins_chest",
					"processors": "locdev:highlands_fortress_decay"
				},
				"projection": "rigid",
				"weight": 1
			},
			{
				"element": {
					"element_type": "minecraft:single_pool_element",
					"location": "catacombs/chests/catacombs_chest",
					"processors": "locdev:catacombs_decay"
				},
				"projection": "rigid",
				"weight": 1
			}
		]
	}
}