{
	"format_version": "1.21.20",
	"minecraft:template_pool": {
		"description": {
			"identifier": "locdev:ruins"
		},
		"elements": [
			{
				"element": {
					"element_type": "minecraft:single_pool_element",
					"location": "ruins/small_ruins_one",
					"processors": "locdev:ruins_decay"
				},
				"projection": "rigid",
				"weight": 3
			},
			{
				"element": {
					"element_type": "minecraft:single_pool_element",
					"location": "ruins/small_ruins_two",
					"processors": "locdev:ruins_decay"
				},
				"projection": "rigid",
				"weight": 3
			},
			{
				"element": {
					"element_type": "minecraft:single_pool_element",
					"location": "ruins/medium_ruins_one",
					"processors": "locdev:ruins_decay"
				},
				"projection": "rigid",
				"weight": 2
			},
			{
				"element": {
					"element_type": "minecraft:single_pool_element",
					"location": "ruins/medium_ruins_two",
					"processors": "locdev:ruins_decay"
				},
				"projection": "rigid",
				"weight": 2
			},
			{
				"element": {
					"element_type": "minecraft:single_pool_element",
					"location": "ruins/large_ruins_one",
					"processors": "locdev:ruins_decay"
				},
				"projection": "rigid",
				"weight": 1
			}
		]
	}
}