{
	"format_version": "1.21.20",
	"minecraft:template_pool": {
		"description": {
			"identifier": "locdev:spawner"
		},
		"elements": [
			{
				"element": {
					"element_type": "minecraft:single_pool_element",
					"location": "global/spawners/spawner_melee",
					"processors": "locdev:cenarax_stronghold_processor"
				},
				"projection": "rigid",
				"weight": 5
			},
			{
				"element": {
					"element_type": "minecraft:single_pool_element",
					"location": "global/spawners/spawner_bow",
					"processors": "locdev:cenarax_stronghold_processor"
				},
				"projection": "rigid",
				"weight": 4
			},
			{
				"element": {
					"element_type": "minecraft:single_pool_element",
					"location": "global/spawners/spawner_crossbow",
					"processors": "locdev:cenarax_stronghold_processor"
				},
				"projection": "rigid",
				"weight": 3
			},
			{
				"element": {
					"element_type": "minecraft:single_pool_element",
					"location": "global/spawners/spawner_knight",
					"processors": "locdev:cenarax_stronghold_processor"
				},
				"projection": "rigid",
				"weight": 2
			}
		]
	}
}