{
    "format_version": "1.21.20",
    "minecraft:template_pool": {
        "description": {
            "identifier": "locdev:swamp_village_structure_placer"
        },
        "elements": [
            {
                "element": {
                    "element_type": "minecraft:single_pool_element",
                    "location": "swamp_village/structures/small_house1",
                    "processors": "locdev:swamp_village_processor"
                },
                "projection": "rigid",
                "weight": 2
            },
            {
                "element": {
                    "element_type": "minecraft:single_pool_element",
                    "location": "swamp_village/structures/small_house2",
                    "processors": "locdev:swamp_village_processor"
                },
                "projection": "rigid",
                "weight": 3
            },
            {
                "element": {
                    "element_type": "minecraft:single_pool_element",
                    "location": "swamp_village/structures/small_house3",
                    "processors": "locdev:swamp_village_processor"
                },
                "projection": "rigid",
                "weight": 1
            },
            {
                "element": {
                    "element_type": "minecraft:single_pool_element",
                    "location": "swamp_village/structures/medium_house1",
                    "processors": "locdev:swamp_village_processor"
                },
                "projection": "rigid",
                "weight": 1
            },
            {
                "element": {
                    "element_type": "minecraft:single_pool_element",
                    "location": "swamp_village/structures/medium_house2",
                    "processors": "locdev:swamp_village_processor"
                },
                "projection": "rigid",
                "weight": 1
            },
            {
                "element": {
                    "element_type": "minecraft:single_pool_element",
                    "location": "swamp_village/structures/large_house1",
                    "processors": "locdev:swamp_village_processor"
                },
                "projection": "rigid",
                "weight": 1
            },
            {
                "element": {
                    "element_type": "minecraft:single_pool_element",
                    "location": "swamp_village/structures/farm",
                    "processors": "locdev:swamp_village_processor"
                },
                "projection": "rigid",
                "weight": 1
            },
            {
                "element": {
                    "element_type": "minecraft:single_pool_element",
                    "location": "swamp_village/structures/church1",
                    "processors": "locdev:swamp_village_processor"
                },
                "projection": "rigid",
                "weight": 1
            },
            {
                "element": {
                    "element_type": "minecraft:single_pool_element",
                    "location": "swamp_village/structures/armor1",
                    "processors": "locdev:swamp_village_processor"
                },
                "projection": "rigid",
                "weight": 1
            },
            {
                "element": {
                    "element_type": "minecraft:single_pool_element",
                    "location": "swamp_village/structures/weaponsmith1",
                    "processors": "locdev:swamp_village_processor"
                },
                "projection": "rigid",
                "weight": 1
            },
            {
                "element": {
                    "element_type": "minecraft:single_pool_element",
                    "location": "swamp_village/structures/toolsmith1",
                    "processors": "locdev:swamp_village_processor"
                },
                "projection": "rigid",
                "weight": 1
            },
            {
                "element": {
                    "element_type": "minecraft:single_pool_element",
                    "location": "swamp_village/structures/library1",
                    "processors": "locdev:swamp_village_processor"
                },
                "projection": "rigid",
                "weight": 1
            },
            {
                "element": {
                    "element_type": "minecraft:single_pool_element",
                    "location": "swamp_village/structures/butcher1",
                    "processors": "locdev:swamp_village_processor"
                },
                "projection": "rigid",
                "weight": 1
            },
            {
                "element": {
                    "element_type": "minecraft:single_pool_element",
                    "location": "swamp_village/structures/cartographer1",
                    "processors": "locdev:swamp_village_processor"
                },
                "projection": "rigid",
                "weight": 1
            },
            {
                "element": {
                    "element_type": "minecraft:single_pool_element",
                    "location": "swamp_village/structures/fisherman1",
                    "processors": "locdev:swamp_village_processor"
                },
                "projection": "rigid",
                "weight": 1
            },
            {
                "element": {
                    "element_type": "minecraft:single_pool_element",
                    "location": "swamp_village/structures/fletcher1",
                    "processors": "locdev:swamp_village_processor"
                },
                "projection": "rigid",
                "weight": 1
            },
            {
                "element": {
                    "element_type": "minecraft:single_pool_element",
                    "location": "swamp_village/structures/leatherworker1",
                    "processors": "locdev:swamp_village_processor"
                },
                "projection": "rigid",
                "weight": 1
            },
            {
                "element": {
                    "element_type": "minecraft:single_pool_element",
                    "location": "swamp_village/structures/shepherd1",
                    "processors": "locdev:swamp_village_processor"
                },
                "projection": "rigid",
                "weight": 1
            },
            {
                "element": {
                    "element_type": "minecraft:single_pool_element",
                    "location": "swamp_village/structures/stonecutter1",
                    "processors": "locdev:swamp_village_processor"
                },
                "projection": "rigid",
                "weight": 1
            }
        ]
    }
}