{
	"format_version": "1.21.20",
	"minecraft:template_pool": {
		"description": {
			"identifier": "locdev:swamp_village_paths"
		},
		"elements": [
			{
				"element": {
					"element_type": "minecraft:single_pool_element",
					"location": "swamp_village/paths/path_straight",
					"processors": "locdev:swamp_village_processor"
				},
				"projection": "terrain_matching",
				"weight": 10
			},
			{
				"element": {
					"element_type": "minecraft:single_pool_element",
					"location": "swamp_village/paths/path_adjust_left",
					"processors": "locdev:swamp_village_processor"
				},
				"projection": "terrain_matching",
				"weight": 9
			},
			{
				"element": {
					"element_type": "minecraft:single_pool_element",
					"location": "swamp_village/paths/path_adjust_right",
					"processors": "locdev:swamp_village_processor"
				},
				"projection": "terrain_matching",
				"weight": 9
			},
			{
				"element": {
					"element_type": "minecraft:single_pool_element",
					"location": "swamp_village/paths/path_threeway_junction",
					"processors": "locdev:swamp_village_processor"
				},
				"projection": "terrain_matching",
				"weight": 8
			},
			{
				"element": {
					"element_type": "minecraft:single_pool_element",
					"location": "swamp_village/paths/path_fourway_junction",
					"processors": "locdev:swamp_village_processor"
				},
				"projection": "terrain_matching",
				"weight": 8
			},
			{
				"element": {
					"element_type": "minecraft:single_pool_element",
					"location": "swamp_village/paths/path_curved",
					"processors": "locdev:swamp_village_processor"
				},
				"projection": "terrain_matching",
				"weight": 10
			}
		]
	}
}