{
	"format_version": "1.21.20",
	"minecraft:template_pool": {
		"description": {
			"identifier": "locdev:swamp_village_decor_placer"
		},
		"elements": [
			{
				"element": {
					"element_type": "minecraft:single_pool_element",
					"location": "swamp_village/decor/sw_lamppost_one",
					"processors": "locdev:swamp_village_processor"
				},
				"projection": "rigid",
				"weight": 1
			},
			{
				"element": {
					"element_type": "minecraft:single_pool_element",
					"location": "swamp_village/decor/haybales1",
					"processors": "locdev:swamp_village_processor"
				},
				"projection": "rigid",
				"weight": 1
			},
			{
				"element": {
					"element_type": "minecraft:single_pool_element",
					"location": "swamp_village/decor/plants1",
					"processors": "locdev:swamp_village_processor"
				},
				"projection": "rigid",
				"weight": 1
			}
		]
	}
}