{
	"format_version": "1.20.80",
	"minecraft:client_entity": {
		"description": {
			"identifier": "locdev:locdev_lightning_bound_orb_projectile_bullet",
			"materials": {
				"default": "entity_alphatest"
			},
			"textures": {
				"default": "textures/entity/projectiles/locdev_lightning_bound_orb_projectile_bullet"
			},
			"geometry": {
				"default": "geometry.locdev_lightning_bound_orb_projectile_bullet"
			},
			"render_controllers": [
				"controller.render.locdev_lightning_bound_orb_projectile_bullet"
			]
		}
	}
}