{
	"format_version": "1.10.0",
	"minecraft:client_entity": {
		"description": {
			"identifier": "minecraft:wither_skull",
			"materials": {
				"default": "wither_skull"
			},
			"textures": {
				"default": "textures/projectiles/spellbound_orb_basic_projectile_texture"
			},
			"geometry": {
				"default": "geometry.spellbound_orb_projectile"
			},
			"animations": {
				"move": "animation.wither_skull.move"
			},
			"scripts": {
				"animate": [
					"move"
				]
			},
			"particle_emitters": {
				"spellbound_orb_projectile_ambient": "locdev:spellbound_orb_projectile_ambient"
			},
			"particle_effects": {
				"spellbound_orb_projectile_ambient": "locdev:spellbound_orb_projectile_ambient"
			},
			"render_controllers": [
				"controller.render.wither_skull"
			]
		}
	}
}