{
	"format_version": "1.20.50",
	"minecraft:item": {
		"description": {
			"identifier": "locdev:iron_scythe",
			"menu_category": {
				"category": "equipment",
				"group": "itemGroup.name.sword"
			}
		},
		"components": {
			"minecraft:max_stack_size": 1,
			"minecraft:icon": {
				"texture": "iron_scythe"
			},
			"minecraft:display_name": {
				"value": "Iron Scythe"
			},
			"minecraft:should_despawn": true,
			"minecraft:glint": false,
			"minecraft:damage": 8,
			"minecraft:can_destroy_in_creative": false,
			"minecraft:enchantable": {
				"slot": "sword",
				"value": 14
			},
			"minecraft:durability": {
				"max_durability": 250
			},
			"minecraft:repairable": {
				"repair_items": [
					{
						"items": [
							"iron_ingot"
						],
						"repair_amount": 50
					}
				]
			},
			"minecraft:tags": {
				"tags": [
					"minecraft:is_sword",
					"locdev:scythe"
				]
			}
		}
	}
}