{
	"resource_pack_name": "vanilla",
	"texture_name": "atlas.items",
	"texture_data": {
		"long_stick": {
			"textures": "textures/items/big_stick"
		},
		"luminous_axe": {
			"textures": "textures/items/luminous_axe"
		},
		"luminous_scythe": {
			"textures": "textures/items/luminous_scythe"
		},
		"luminous_sword": {
			"textures": "textures/items/luminous_sword"
		},
		"void_sword": {
			"textures": "textures/items/void_sword"
		},
		"mythril_helmet_red": {
			"textures": "textures/items/mythril_helmet/mythril_helmet_red"
		},
		"mythril_helmet_aqua": {
			"textures": "textures/items/mythril_helmet/mythril_helmet_aqua"
		},
		"mythril_helmet_black": {
			"textures": "textures/items/mythril_helmet/mythril_helmet_black"
		},
		"mythril_helmet_blue": {
			"textures": "textures/items/mythril_helmet/mythril_helmet_blue"
		},
		"mythril_helmet_brown": {
			"textures": "textures/items/mythril_helmet/mythril_helmet_brown"
		},
		"mythril_helmet_cyan": {
			"textures": "textures/items/mythril_helmet/mythril_helmet_cyan"
		},
		"mythril_helmet_gray": {
			"textures": "textures/items/mythril_helmet/mythril_helmet_gray"
		},
		"mythril_helmet_green": {
			"textures": "textures/items/mythril_helmet/mythril_helmet_green"
		},
		"mythril_helmet_light_gray": {
			"textures": "textures/items/mythril_helmet/mythril_helmet_light_gray"
		},
		"mythril_helmet_light_purple": {
			"textures": "textures/items/mythril_helmet/mythril_helmet_light_purple"
		},
		"mythril_helmet_lime": {
			"textures": "textures/items/mythril_helmet/mythril_helmet_lime"
		},
		"mythril_helmet_orange": {
			"textures": "textures/items/mythril_helmet/mythril_helmet_orange"
		},
		"mythril_helmet_pink": {
			"textures": "textures/items/mythril_helmet/mythril_helmet_pink"
		},
		"mythril_helmet_purple": {
			"textures": "textures/items/mythril_helmet/mythril_helmet_purple"
		},
		"mythril_helmet_white": {
			"textures": "textures/items/mythril_helmet/mythril_helmet_white"
		},
		"mythril_helmet_yellow": {
			"textures": "textures/items/mythril_helmet/mythril_helmet_yellow"
		},
		"mythril_commander_helmet_red": {
			"textures": "textures/items/mythril_commander_helmet/mythril_commander_helmet_red"
		},
		"mythril_commander_helmet_aqua": {
			"textures": "textures/items/mythril_commander_helmet/mythril_commander_helmet_aqua"
		},
		"mythril_commander_helmet_black": {
			"textures": "textures/items/mythril_commander_helmet/mythril_commander_helmet_black"
		},
		"mythril_commander_helmet_blue": {
			"textures": "textures/items/mythril_commander_helmet/mythril_commander_helmet_blue"
		},
		"mythril_commander_helmet_brown": {
			"textures": "textures/items/mythril_commander_helmet/mythril_commander_helmet_brown"
		},
		"mythril_commander_helmet_cyan": {
			"textures": "textures/items/mythril_commander_helmet/mythril_commander_helmet_cyan"
		},
		"mythril_commander_helmet_gray": {
			"textures": "textures/items/mythril_commander_helmet/mythril_commander_helmet_gray"
		},
		"mythril_commander_helmet_green": {
			"textures": "textures/items/mythril_commander_helmet/mythril_commander_helmet_green"
		},
		"mythril_commander_helmet_light_gray": {
			"textures": "textures/items/mythril_commander_helmet/mythril_commander_helmet_light_gray"
		},
		"mythril_commander_helmet_light_purple": {
			"textures": "textures/items/mythril_commander_helmet/mythril_commander_helmet_light_purple"
		},
		"mythril_commander_helmet_lime": {
			"textures": "textures/items/mythril_commander_helmet/mythril_commander_helmet_lime"
		},
		"mythril_commander_helmet_orange": {
			"textures": "textures/items/mythril_commander_helmet/mythril_commander_helmet_orange"
		},
		"mythril_commander_helmet_pink": {
			"textures": "textures/items/mythril_commander_helmet/mythril_commander_helmet_pink"
		},
		"mythril_commander_helmet_purple": {
			"textures": "textures/items/mythril_commander_helmet/mythril_commander_helmet_purple"
		},
		"mythril_commander_helmet_white": {
			"textures": "textures/items/mythril_commander_helmet/mythril_commander_helmet_white"
		},
		"mythril_commander_helmet_yellow": {
			"textures": "textures/items/mythril_commander_helmet/mythril_commander_helmet_yellow"
		},
		"cenarax_diamond_helmet": {
			"textures": "textures/items/cenarax_diamond_helmet"
		},
		"cenarax_gold_helmet": {
			"textures": "textures/items/cenarax_gold_helmet"
		},
		"cenarax_iron_helmet": {
			"textures": "textures/items/cenarax_iron_helmet"
		},
		"locdev_settings": {
			"textures": "textures/items/locdev_settings"
		},
		"mythril_commander_helmet": {
			"textures": "textures/items/mythril_helmet/mythril_helmet_red"
		},
		"spellbound_crown": {
			"textures": "textures/items/spellbound_crown"
		},
		"diamond_katana": {
			"textures": "textures/items/diamond_katana"
		},
		"heavy_diamond_chestplate": {
			"textures": "textures/items/heavy_diamond_chestplate"
		},
		"heavy_diamond_helmet": {
			"textures": "textures/items/heavy_diamond_helmet"
		},
		"heavy_iron_chestplate": {
			"textures": "textures/items/heavy_iron_chestplate"
		},
		"heavy_iron_helmet": {
			"textures": "textures/items/heavy_iron_helmet"
		},
		"mythril_boots": {
			"textures": "textures/items/mythril_boots"
		},
		"mythril_leggings": {
			"textures": "textures/items/mythril_leggings"
		},
		"mythril_chestplate": {
			"textures": "textures/items/mythril_chestplate"
		},
		"luminous_core": {
			"textures": "textures/items/luminous_core"
		},
		"lightning_summoning_staff": {
			"textures": "textures/items/lightning_summoning_staff"
		},
		"zombie_summoning_staff": {
			"textures": "textures/items/zombie_summoning_staff"
		},
		"silver_bounded_spell": {
			"textures": "textures/items/bounded_spell_silver"
		},
		"gold_bounded_spell": {
			"textures": "textures/items/bounded_spell_gold"
		},
		"diamond_bounded_spell": {
			"textures": "textures/items/bounded_spell_diamond"
		},
		"bounded_spell": {
			"textures": "textures/items/bounded_spell"
		},
		"fang_summoning_staff": {
			"textures": "textures/items/fang_summoning_staff"
		},
		"locdev_diamond_broad_sword": {
			"textures": "textures/items/pamobile/locdev_diamond_broad_sword"
		},
		"locdev_dark_broad_sword": {
			"textures": "textures/items/pamobile/locdev_dark_broad_sword"
		},
		"locdev_meteor": {
			"textures": "textures/items/pamobile/locdev_meteor"
		},
		"locdev:gold_beetroot": {
			"textures": "textures/items/pamobile/locdev_gold_beetroot"
		},
		"locdev_diamond_saber_pike": {
			"textures": "textures/items/pamobile/locdev_diamond_saber_pike"
		},
		"locdev_cenarax_silver_coin": {
			"textures": "textures/items/cenarax_silver_coin"
		},
		"locdev_cenarax_gold_coin": {
			"textures": "textures/items/cenarax_gold_coin"
		},
		"locdev_cenarax_diamond_coin": {
			"textures": "textures/items/cenarax_diamond_coin"
		},
		"locdev_luminous_axe": {
			"textures": "textures/items/luminous_axe"
		},
		"locdev_luminoushelmet": {
			"textures": "textures/items/luminoushelmet"
		},
		"locdev_luminous_shard": {
			"textures": "textures/items/luminous_shard"
		},
		"locdev_enchanted_amythest_apple": {
			"textures": "textures/items/amythest_apple"
		},
		"locdev_luminous_ingot": {
			"textures": "textures/items/luminous_ingot"
		},
		"locdev_luminouschestplate": {
			"textures": "textures/items/luminouschestplate"
		},
		"luminous_boots": {
			"textures": "textures/items/luminous_boots"
		},
		"luminous_leggings": {
			"textures": "textures/items/luminous_leggings"
		},
		"luminous_chestplate": {
			"textures": "textures/items/luminous_chestplate"
		},
		"locdev_mythril_ingot": {
			"textures": "textures/items/mythril_ingot"
		},
		"locdev_unbound_orb": {
			"textures": "textures/items/unbound_orb"
		},
		"locdev_spell_bound_zombie": {
			"textures": "textures/items/bounded_spell"
		},
		"locdev_basic_staff_mold": {
			"textures": "textures/items/staff_mold"
		},
		"locdev_enhanced_staff_mold": {
			"textures": "textures/items/enhanced_staff_mold"
		},
		"ingot_mold": {
			"textures": "textures/items/ingot_mold"
		},
		"raw_mythril": {
			"textures": "textures/items/raw_mythril"
		},
		"basic_staff_forged": {
			"textures": "textures/items/forged_staffs/basic_staff_forged"
		},
		"enhanced_staff_forged": {
			"textures": "textures/items/forged_staffs/enhanced_staff_forged"
		},
		"locdev_fang_bound_orb": {
			"textures": "textures/items/bound_orbs/fang_bound_orb"
		},
		"locdev_zombie_bound_orb": {
			"textures": "textures/items/bound_orbs/zombie_bound_orb"
		},
		"locdev_lightning_bound_orb": {
			"textures": "textures/items/bound_orbs/lightning_bound_orb"
		},
		"locdev_wither_bound_orb": {
			"textures": "textures/items/bound_orbs/wither_bound_orb"
		},
		"locdev_spellbound_fireball_orb": {
			"textures": "textures/items/bound_orbs/spellbound_fireball_bound_orb"
		},
		"locdev_lightning_bound_orb_projectile": {
			"textures": "textures/items/lightning_bound_orb_projectile"
		},
		"locdev_spell_bound_zombie_silver": {
			"textures": "textures/items/bounded_spell_silver"
		},
		"locdev_mythril_dust": {
			"textures": "textures/items/mythril_dust"
		},
		"locdev_mythril_netherite_sword": {
			"textures": "textures/items/mythril_infused_diamond_sword"
		},
		"locdev_mythril_sword": {
			"textures": "textures/items/swords/mythril_sword"
		},
		"locdev_promote_to_commander": {
			"textures": "textures/items/cenarax_promote_to_commander"
		},
		"locdev_raw_silver": {
			"textures": "textures/items/raw_silver"
		},
		"locdev_silver_ingot": {
			"textures": "textures/items/silver_ingot"
		},
		"locdev_locdev_settings": {
			"textures": "textures/items/locdev_settings"
		},
		"locdev_spellbound_fireball": {
			"textures": "textures/items/spellbound_fireball"
		},
		"locdev_heavy_diamond_helmet": {
			"textures": "textures/items/heavy_diamond_helmet"
		},
		"locdev_sword_blade_mold": {
			"textures": "textures/items/sword_blade_mold"
		},
		"locdev_amythest_apple": {
			"textures": "textures/items/amythest_apple"
		},
		"mythril_scythe": {
			"textures": "textures/items/scythe/mythril_scythe"
		},
		"netherite_scythe": {
			"textures": "textures/items/scythe/netherite_scythe"
		},
		"diamond_scythe": {
			"textures": "textures/items/scythe/diamond_scythe"
		},
		"gold_scythe": {
			"textures": "textures/items/scythe/gold_scythe"
		},
		"iron_scythe": {
			"textures": "textures/items/scythe/iron_scythe"
		},
		"stone_scythe": {
			"textures": "textures/items/scythe/stone_scythe"
		},
		"wood_scythe": {
			"textures": "textures/items/scythe/wood_scythe"
		},
		"mythril_spear": {
			"textures": "textures/items/spear/mythril_spear"
		},
		"netherite_spear": {
			"textures": "textures/items/spear/netherite_spear"
		},
		"diamond_spear": {
			"textures": "textures/items/spear/diamond_spear"
		},
		"gold_spear": {
			"textures": "textures/items/spear/gold_spear"
		},
		"iron_spear": {
			"textures": "textures/items/spear/iron_spear"
		},
		"stone_spear": {
			"textures": "textures/items/spear/stone_spear"
		},
		"wood_spear": {
			"textures": "textures/items/spear/wood_spear"
		}
	}
}