{
	"resource_pack_name": "vanilla",
	"texture_name": "atlas.terrain",
	"padding": 8,
	"num_mip_levels": 4,
	"texture_data": {
		"gold_candle_holder": {
			"textures": "textures/blocks/gold_candle_holder"
		},
		"locdev_crate_tier_one": {
			"textures": "textures/blocks/iron_crate_v2"
		},
		"locdev_crate_tier_two": {
			"textures": "textures/blocks/gold_crate"
		},
		"locdev_crate_tier_three": {
			"textures": "textures/blocks/diamond_crate"
		},
		"locdev_locdev_small_coin_stack": {
			"textures": "textures/blocks/locdev_coin_stack_small"
		},
		"pa_glowing_obsidian": {
			"textures": "textures/blocks/glowing_obsidian"
		},
		"locdev_locdev_medium_coin_stack": {
			"textures": "textures/blocks/medium_coin_stack"
		},
		"locdev_candle_holder_gold": {
			"textures": "textures/blocks/candle_holder_gold"
		},
		"locdev_mythril_ore": {
			"textures": "textures/blocks/mythril_ore"
		},
		"locdev_spell_bound_table": {
			"textures": "textures/blocks/spell_bound_table"
		},
		"forge_bottom": {
			"textures": "textures/blocks/forge_bottom"
		},
		"forge_top": {
			"textures": "textures/blocks/forge_top"
		},
		"forge_north": {
			"textures": "textures/blocks/forge_side"
		},
		"forge_east": {
			"textures": "textures/blocks/forge_side"
		},
		"forge_west": {
			"textures": "textures/blocks/forge_side"
		},
		"forge_south": {
			"textures": "textures/blocks/forge_side"
		},
		"locdev_mythril_block": {
			"textures": "textures/blocks/mythril_block"
		},
		"locdev_chiseled_obsidian": {
			"textures": "textures/blocks/chiseled_obsidian"
		},
		"locdev_deepslate_mythril_ore": {
			"textures": "textures/blocks/deepslate_mythril_ore"
		},
		"locdev_silver_ore": {
			"textures": "textures/blocks/silver_ore"
		},
		"locdev_deepslate_silver_ore": {
			"textures": "textures/blocks/deepslate_silver_ore"
		},
		"locdev_silver_block": {
			"textures": "textures/blocks/silver_block"
		},
		"locdev_chiseled_silver_block": {
			"textures": "textures/blocks/chiseled_silver_block"
		},
		"locdev_silver_bricks": {
			"textures": "textures/blocks/silver_bricks"
		},
		"silver_pillar_top": {
			"textures": "textures/blocks/silver_pillar_top"
		},
		"silver_pillar_bottom": {
			"textures": "textures/blocks/silver_pillar_top"
		},
		"silver_pillar_east": {
			"textures": "textures/blocks/silver_pillar"
		},
		"silver_pillar_west": {
			"textures": "textures/blocks/silver_pillar"
		},
		"silver_pillar_north": {
			"textures": "textures/blocks/silver_pillar"
		},
		"silver_pillar_south": {
			"textures": "textures/blocks/silver_pillar"
		},
		"locdev_placeholder": {
			"textures": "textures/blocks/placeholder"
		},
		"locdev_placeholdertwo": {
			"textures": "textures/blocks/placeholdertwo"
		},
		"locdev_large_coin_stack": {
			"textures": "textures/blocks/large_coin_stack"
		},
		"locdev_raw_mythril_block": {
			"textures": "textures/blocks/raw_mythril_block"
		},
		"locdev_raw_silver_block": {
			"textures": "textures/blocks/raw_silver_block"
		}
	}
}