{
    "format_version": "1.21.20",
    "minecraft:structure_set": {
        "description": {
            "identifier": "locdev:cenarax_outpost"
        },
        "placement": {
            "type": "minecraft:random_spread",
            "salt": 84573627,
            "separation": 32,
            "spacing": 65,
            "spread_type": "linear"
        },
        "structures": [
            {
                "structure": "locdev:cenarax_outpost",
                "weight": 1
            }
        ]
    }
}