{
    "tiers": [
        {
            "groups": [
                {
                    "num_to_select": 5,
                    "trades": [
                        {
                            "gives": [
                                {
                                    "item": "locdev:spell_bound_fang",
                                    "quantity": {
                                        "max": 2,
                                        "min": 1
                                    }
                                }
                            ],
                            "wants": [
                                {
                                    "item": "locdev:cenarax_coin",
                                    "quantity": {
                                        "max": 16,
                                        "min": 12
                                    },
                                    "price_multiplier": 1
                                }
                            ],
                            "max_uses": 5,
                            "reward_exp": true,
                            "trader_exp": 2
                        },
                        {
                            "gives": [
                                {
                                    "item": "locdev:spell_bound_lightning",
                                    "quantity": {
                                        "max": 2,
                                        "min": 1
                                    }
                                }
                            ],
                            "wants": [
                                {
                                    "item": "locdev:cenarax_coin",
                                    "quantity": {
                                        "max": 32,
                                        "min": 22
                                    },
                                    "price_multiplier": 2
                                }
                            ],
                            "max_uses": 2,
                            "reward_exp": true,
                            "trader_exp": 2
                        },
                        {
                            "gives": [
                                {
                                    "item": "locdev:spell_bound_zombie",
                                    "quantity": {
                                        "max": 2,
                                        "min": 1
                                    }
                                }
                            ],
                            "wants": [
                                {
                                    "item": "locdev:cenarax_coin",
                                    "quantity": {
                                        "max": 20,
                                        "min": 16
                                    },
                                    "price_multiplier": 1
                                }
                            ],
                            "max_uses": 4,
                            "reward_exp": true,
                            "trader_exp": 2
                        },
                        {
                            "gives": [
                                {
                                    "item": "locdev:spell_bound_zombie_silver",
                                    "quantity": {
                                        "max": 2,
                                        "min": 1
                                    }
                                }
                            ],
                            "wants": [
                                {
                                    "item": "locdev:cenarax_coin",
                                    "quantity": {
                                        "max": 40,
                                        "min": 32
                                    },
                                    "price_multiplier": 1
                                }
                            ],
                            "max_uses": 4,
                            "reward_exp": true,
                            "trader_exp": 2
                        },
                        {
                            "gives": [
                                {
                                    "item": "locdev:spell_bound_zombie_gold",
                                    "quantity": {
                                        "max": 1,
                                        "min": 1
                                    }
                                }
                            ],
                            "wants": [
                                {
                                    "item": "locdev:cenarax_coin",
                                    "quantity": {
                                        "max": 50,
                                        "min": 42
                                    },
                                    "price_multiplier": 1
                                }
                            ],
                            "max_uses": 3,
                            "reward_exp": true,
                            "trader_exp": 2
                        },
                        {
                            "gives": [
                                {
                                    "item": "locdev:spell_bound_zombie_diamond",
                                    "quantity": {
                                        "max": 1,
                                        "min": 1
                                    }
                                }
                            ],
                            "wants": [
                                {
                                    "item": "locdev:cenarax_coin",
                                    "quantity": {
                                        "max": 64,
                                        "min": 54
                                    },
                                    "price_multiplier": 1
                                }
                            ],
                            "max_uses": 2,
                            "reward_exp": true,
                            "trader_exp": 2
                        }
                    ]
                },
                {
                    "num_to_select": 1,
                    "trades": [
                        {
                            "gives": [
                                {
                                    "item": "locdev:unbound_orb",
                                    "quantity": {
                                        "max": 1,
                                        "min": 1
                                    }
                                }
                            ],
                            "wants": [
                                {
                                    "item": "minecraft:emerald",
                                    "quantity": {
                                        "max": 48,
                                        "min": 38
                                    },
                                    "price_multiplier": 2
                                }
                            ],
                            "max_uses": 1,
                            "reward_exp": true,
                            "trader_exp": 3
                        }
                    ]
                }
            ],
            "total_exp_required": 5
        },
        {
            "groups": [
                {
                    "num_to_select": 1,
                    "trades": [
                        {
                            "gives": [
                                {
                                    "item": "potion",
                                    "quantity": {
                                        "max": 1,
                                        "min": 1
                                    },
                                    "functions": [
                                        {
                                            "function": "set_potion",
                                            "id": "awkward"
                                        }
                                    ]
                                }
                            ],
                            "wants": [
                                {
                                    "item": "locdev:cenarax_coin",
                                    "quantity": {
                                        "max": 12,
                                        "min": 9
                                    },
                                    "price_multiplier": 2
                                }
                            ],
                            "max_uses": 5,
                            "reward_exp": true,
                            "trader_exp": 2
                        }
                    ]
                }
            ],
            "trades": [
                {
                    "gives": [
                        {
                            "item": "nether_wart",
                            "quantity": {
                                "max": 16,
                                "min": 12
                            }
                        }
                    ],
                    "wants": [
                        {
                            "item": "locdev:cenarax_coin",
                            "quantity": {
                                "max": 16,
                                "min": 12
                            },
                            "price_multiplier": 2
                        }
                    ],
                    "max_uses": 3,
                    "reward_exp": true,
                    "trader_exp": 2
                }
            ],
            "total_exp_required": 10
        },
        {
            "groups": [
                {
                    "num_to_select": 2,
                    "trades": [
                        {
                            "gives": [
                                {
                                    "item": "potion",
                                    "quantity": {
                                        "max": 1,
                                        "min": 1
                                    },
                                    "functions": [
                                        {
                                            "function": "set_potion",
                                            "id": "invisibility"
                                        }
                                    ]
                                }
                            ],
                            "wants": [
                                {
                                    "item": "locdev:cenarax_coin",
                                    "quantity": {
                                        "max": 32,
                                        "min": 28
                                    },
                                    "price_multiplier": 2
                                }
                            ],
                            "max_uses": 2,
                            "reward_exp": true,
                            "trader_exp": 2
                        },
                        {
                            "gives": [
                                {
                                    "item": "potion",
                                    "quantity": {
                                        "max": 1,
                                        "min": 1
                                    },
                                    "functions": [
                                        {
                                            "function": "set_potion",
                                            "id": "healing"
                                        }
                                    ]
                                }
                            ],
                            "wants": [
                                {
                                    "item": "locdev:cenarax_coin",
                                    "quantity": {
                                        "max": 28,
                                        "min": 24
                                    },
                                    "price_multiplier": 2
                                }
                            ],
                            "max_uses": 2,
                            "reward_exp": true,
                            "trader_exp": 2
                        },
                        {
                            "gives": [
                                {
                                    "item": "potion",
                                    "quantity": {
                                        "max": 1,
                                        "min": 1
                                    },
                                    "functions": [
                                        {
                                            "function": "set_potion",
                                            "id": "strength"
                                        }
                                    ]
                                }
                            ],
                            "wants": [
                                {
                                    "item": "locdev:cenarax_coin",
                                    "quantity": {
                                        "max": 32,
                                        "min": 28
                                    },
                                    "price_multiplier": 2
                                }
                            ],
                            "max_uses": 2,
                            "reward_exp": true,
                            "trader_exp": 2
                        },
                        {
                            "gives": [
                                {
                                    "item": "potion",
                                    "quantity": {
                                        "max": 1,
                                        "min": 1
                                    },
                                    "functions": [
                                        {
                                            "function": "set_potion",
                                            "id": "swiftness"
                                        }
                                    ]
                                }
                            ],
                            "wants": [
                                {
                                    "item": "locdev:cenarax_coin",
                                    "quantity": {
                                        "max": 30,
                                        "min": 26
                                    },
                                    "price_multiplier": 2
                                }
                            ],
                            "max_uses": 2,
                            "reward_exp": true,
                            "trader_exp": 2
                        }
                    ]
                }
            ],
            "total_exp_required": 15
        },
        {
            "groups": [
                {
                    "num_to_select": 2,
                    "trades": [
                        {
                            "gives": [
                                {
                                    "item": "potion",
                                    "quantity": {
                                        "max": 1,
                                        "min": 1
                                    },
                                    "functions": [
                                        {
                                            "function": "set_potion",
                                            "id": "long_swiftness"
                                        }
                                    ]
                                }
                            ],
                            "wants": [
                                {
                                    "item": "locdev:cenarax_coin",
                                    "quantity": {
                                        "max": 40,
                                        "min": 36
                                    },
                                    "price_multiplier": 2
                                }
                            ],
                            "max_uses": 2,
                            "reward_exp": true,
                            "trader_exp": 3
                        },
                        {
                            "gives": [
                                {
                                    "item": "potion",
                                    "quantity": {
                                        "max": 1,
                                        "min": 1
                                    },
                                    "functions": [
                                        {
                                            "function": "set_potion",
                                            "id": "long_strength"
                                        }
                                    ]
                                }
                            ],
                            "wants": [
                                {
                                    "item": "locdev:cenarax_coin",
                                    "quantity": {
                                        "max": 48,
                                        "min": 46
                                    },
                                    "price_multiplier": 2
                                }
                            ],
                            "max_uses": 2,
                            "reward_exp": true,
                            "trader_exp": 2
                        }
                    ]
                }
            ]
        }
    ]
}