{
	"format_version": "1.19.0",
	"minecraft:geometry": [
		{
			"description": {
				"identifier": "geometry.cenarax_iron_helmet",
				"texture_width": 64,
				"texture_height": 64,
				"visible_bounds_width": 3,
				"visible_bounds_height": 2.5,
				"visible_bounds_offset": [
					0,
					0.75,
					0
				]
			},
			"bones": [
				{
					"name": "root_item",
					"pivot": [
						0,
						-3,
						0
					]
				},
				{
					"name": "helmet",
					"parent": "root_item",
					"pivot": [
						0,
						-3,
						0
					],
					"binding": "'head'",
					"cubes": [
						{
							"origin": [
								-5,
								4,
								-6
							],
							"size": [
								10,
								5,
								11
							],
							"uv": [
								0,
								0
							]
						},
						{
							"origin": [
								4,
								-1,
								-5
							],
							"size": [
								1,
								6,
								10
							],
							"pivot": [
								4,
								5,
								-5
							],
							"rotation": [
								0,
								0,
								-25
							],
							"uv": [
								1,
								17
							]
						},
						{
							"origin": [
								-5,
								-1,
								-5
							],
							"size": [
								1,
								6,
								10
							],
							"pivot": [
								-4,
								5,
								-4
							],
							"rotation": [
								0,
								0,
								25
							],
							"uv": [
								25,
								17
							]
						},
						{
							"origin": [
								-5,
								-1,
								4
							],
							"size": [
								10,
								6,
								1
							],
							"pivot": [
								0,
								5,
								4
							],
							"rotation": [
								25,
								0,
								0
							],
							"uv": [
								0,
								33
							]
						},
						{
							"origin": [
								-1,
								1,
								-6
							],
							"size": [
								2,
								3,
								0
							],
							"uv": [
								22,
								33
							]
						}
					]
				}
			]
		}
	]
}