{
	"format_version": "1.19.0",
	"minecraft:geometry": [
		{
			"description": {
				"identifier": "geometry.diamond_katana",
				"texture_width": 32,
				"texture_height": 32,
				"visible_bounds_width": 3,
				"visible_bounds_height": 3.5,
				"visible_bounds_offset": [
					0,
					1.25,
					0
				]
			},
			"bones": [
				{
					"name": "root_item",
					"pivot": [
						0,
						0,
						0
					],
					"binding": "q.item_slot_to_bone_name(c.item_slot)",
					"cubes": [
						{
							"origin": [
								-1,
								-1,
								-1
							],
							"size": [
								2,
								4,
								2
							],
							"uv": [
								6,
								9
							]
						},
						{
							"origin": [
								-1,
								3,
								-4
							],
							"size": [
								2,
								1,
								8
							],
							"uv": [
								0,
								0
							]
						},
						{
							"origin": [
								-0.5,
								4,
								-1
							],
							"size": [
								1,
								18,
								2
							],
							"uv": [
								0,
								9
							]
						}
					]
				}
			]
		}
	]
}