{
	"format_version": "1.19.0",
	"minecraft:geometry": [
		{
			"description": {
				"identifier": "geometry.fang_summoning_staff",
				"texture_width": 32,
				"texture_height": 32,
				"visible_bounds_width": 2,
				"visible_bounds_height": 3.5,
				"visible_bounds_offset": [
					0,
					1.25,
					0
				]
			},
			"bones": [
				{
					"name": "root_item",
					"pivot": [
						0,
						0,
						0
					],
					"binding": "q.item_slot_to_bone_name(c.item_slot)",
					"cubes": [
						{
							"origin": [
								-2.5,
								23,
								-2.5
							],
							"size": [
								5,
								5,
								5
							],
							"uv": [
								0,
								0
							]
						},
						{
							"origin": [
								-1,
								0,
								-1
							],
							"size": [
								2,
								19,
								2
							],
							"uv": [
								0,
								10
							]
						},
						{
							"origin": [
								-2,
								19,
								-2
							],
							"size": [
								4,
								1,
								4
							],
							"uv": [
								8,
								10
							]
						}
					]
				}
			]
		}
	]
}