{
	"format_version": "1.19.0",
	"minecraft:geometry": [
		{
			"description": {
				"identifier": "geometry.heavy_iron_helmet",
				"texture_width": 32,
				"texture_height": 32,
				"visible_bounds_width": 2,
				"visible_bounds_height": 2.5,
				"visible_bounds_offset": [
					0,
					0.75,
					0
				]
			},
			"bones": [
				{
					"name": "root_item",
					"pivot": [
						0,
						0,
						0
					]
				},
				{
					"name": "helmet",
					"parent": "root_item",
					"pivot": [
						0,
						0,
						0
					],
					"binding": "'head'",
					"cubes": [
						{
							"origin": [
								-4,
								0,
								-4
							],
							"size": [
								8,
								8,
								8
							],
							"inflate": 1,
							"uv": [
								0,
								0
							]
						},
						{
							"origin": [
								3,
								9,
								-5
							],
							"size": [
								2,
								2,
								2
							],
							"uv": [
								0,
								0
							]
						},
						{
							"origin": [
								-5,
								9,
								-5
							],
							"size": [
								2,
								2,
								2
							],
							"uv": [
								0,
								0
							]
						},
						{
							"origin": [
								-5,
								9,
								3
							],
							"size": [
								2,
								2,
								2
							],
							"uv": [
								0,
								0
							]
						},
						{
							"origin": [
								3,
								9,
								3
							],
							"size": [
								2,
								2,
								2
							],
							"uv": [
								0,
								0
							]
						}
					]
				}
			]
		}
	]
}