{
	"format_version": "1.19.0",
	"minecraft:geometry": [
		{
			"description": {
				"identifier": "geometry.heavy_iron_chestplate",
				"texture_width": 64,
				"texture_height": 64,
				"visible_bounds_width": 4,
				"visible_bounds_height": 2.5,
				"visible_bounds_offset": [
					0,
					0.75,
					0
				]
			},
			"bones": [
				{
					"name": "body",
					"pivot": [
						0,
						14,
						0
					]
				},
				{
					"name": "chestplate",
					"parent": "body",
					"pivot": [
						0,
						0,
						0
					],
					"binding": "'body'",
					"cubes": [
						{
							"origin": [
								-4,
								2,
								-2
							],
							"size": [
								8,
								12,
								4
							],
							"inflate": 1.01,
							"uv": [
								0,
								0
							]
						}
					]
				},
				{
					"name": "arm_right",
					"pivot": [
						-5,
						12,
						0
					]
				},
				{
					"name": "arm_plate_right",
					"parent": "arm_right",
					"pivot": [
						-5,
						12,
						0
					],
					"binding": "'rightarm'",
					"cubes": [
						{
							"origin": [
								-8,
								2,
								-2
							],
							"size": [
								4,
								12,
								4
							],
							"inflate": 1,
							"uv": [
								0,
								16
							]
						},
						{
							"origin": [
								-13,
								13,
								-1
							],
							"size": [
								4,
								2,
								2
							],
							"pivot": [
								-10,
								13,
								0
							],
							"rotation": [
								0,
								0,
								15
							],
							"uv": [
								24,
								0
							]
						}
					]
				},
				{
					"name": "arm_left",
					"pivot": [
						5,
						12,
						0
					]
				},
				{
					"name": "arm_plate_left",
					"parent": "arm_left",
					"pivot": [
						5,
						12,
						0
					],
					"binding": "'leftarm'",
					"cubes": [
						{
							"origin": [
								4,
								2,
								-2
							],
							"size": [
								4,
								12,
								4
							],
							"inflate": 1,
							"uv": [
								16,
								16
							]
						},
						{
							"origin": [
								9,
								13,
								-1
							],
							"size": [
								4,
								2,
								2
							],
							"pivot": [
								10,
								13,
								0
							],
							"rotation": [
								0,
								0,
								-15
							],
							"uv": [
								24,
								4
							]
						}
					]
				}
			]
		}
	]
}