{
	"format_version": "1.16.0",
	"minecraft:geometry": [
		{
			"description": {
				"identifier": "geometry.heavy_diamond_helmet",
				"texture_width": 32,
				"texture_height": 32,
				"visible_bounds_width": 2,
				"visible_bounds_height": 2.5,
				"visible_bounds_offset": [
					0,
					0.75,
					0
				]
			},
			"bones": [
				{
					"name": "root_item",
					"pivot": [
						0,
						0,
						0
					]
				},
				{
					"name": "helmet",
					"parent": "root_item",
					"pivot": [
						0,
						0,
						0
					],
					"binding": "'head'",
					"cubes": [
						{
							"origin": [
								-4,
								0,
								-4
							],
							"size": [
								8,
								8,
								8
							],
							"inflate": 1,
							"uv": [
								0,
								0
							]
						},
						{
							"origin": [
								-6,
								7,
								-7
							],
							"size": [
								1,
								2,
								6
							],
							"pivot": [
								-5,
								8,
								-1
							],
							"rotation": [
								-37.5,
								0,
								0
							],
							"uv": [
								0,
								16
							]
						},
						{
							"origin": [
								5,
								7,
								-7
							],
							"size": [
								1,
								2,
								6
							],
							"pivot": [
								6,
								8,
								-1
							],
							"rotation": [
								-37.5,
								0,
								0
							],
							"uv": [
								14,
								16
							]
						}
					]
				}
			]
		}
	]
}