{
	"format_version": "1.19.0",
	"minecraft:geometry": [
		{
			"description": {
				"identifier": "geometry.luminous_core",
				"texture_width": 32,
				"texture_height": 32,
				"visible_bounds_width": 2,
				"visible_bounds_height": 2.5,
				"visible_bounds_offset": [
					0,
					0.75,
					0
				]
			},
			"bones": [
				{
					"name": "root_item",
					"pivot": [
						0,
						0,
						0
					],
					"binding": "q.item_slot_to_bone_name(c.item_slot)",
					"cubes": [
						{
							"origin": [
								-3,
								0,
								-3
							],
							"size": [
								6,
								2,
								6
							],
							"uv": [
								0,
								0
							]
						},
						{
							"origin": [
								-3,
								7,
								-3
							],
							"size": [
								6,
								2,
								6
							],
							"uv": [
								0,
								8
							]
						},
						{
							"origin": [
								-2,
								2,
								-2
							],
							"size": [
								4,
								5,
								4
							],
							"uv": [
								0,
								16
							]
						},
						{
							"origin": [
								2,
								2,
								2
							],
							"size": [
								1,
								5,
								1
							],
							"uv": [
								16,
								16
							]
						},
						{
							"origin": [
								2,
								2,
								-3
							],
							"size": [
								1,
								5,
								1
							],
							"uv": [
								20,
								16
							]
						},
						{
							"origin": [
								-3,
								2,
								-3
							],
							"size": [
								1,
								5,
								1
							],
							"uv": [
								16,
								22
							]
						},
						{
							"origin": [
								-3,
								2,
								2
							],
							"size": [
								1,
								5,
								1
							],
							"uv": [
								20,
								22
							]
						}
					]
				}
			]
		}
	]
}