{
	"format_version": "1.19.0",
	"minecraft:geometry": [
		{
			"description": {
				"identifier": "geometry.luminous_axe",
				"texture_width": 64,
				"texture_height": 64,
				"visible_bounds_width": 4,
				"visible_bounds_height": 3.5,
				"visible_bounds_offset": [
					0,
					1.25,
					0
				]
			},
			"bones": [
				{
					"name": "root_item",
					"pivot": [
						0,
						0,
						0
					],
					"binding": "q.item_slot_to_bone_name(c.item_slot)",
					"cubes": [
						{
							"origin": [
								-1,
								0,
								-1
							],
							"size": [
								2,
								30,
								2
							],
							"uv": [
								0,
								29
							]
						},
						{
							"origin": [
								-1,
								30,
								-3
							],
							"size": [
								2,
								2,
								6
							],
							"uv": [
								8,
								29
							]
						},
						{
							"origin": [
								0,
								15,
								3
							],
							"size": [
								0,
								17,
								12
							],
							"uv": [
								0,
								0
							]
						},
						{
							"origin": [
								0,
								15,
								-15
							],
							"size": [
								0,
								17,
								12
							],
							"uv": [
								24,
								0
							]
						}
					]
				}
			]
		}
	]
}