{
	"format_version": "1.19.0",
	"minecraft:geometry": [
		{
			"description": {
				"identifier": "geometry.luminous_sword",
				"texture_width": 64,
				"texture_height": 64,
				"visible_bounds_width": 2,
				"visible_bounds_height": 3.5,
				"visible_bounds_offset": [
					0,
					1.25,
					0
				]
			},
			"bones": [
				{
					"name": "root_item",
					"pivot": [
						0,
						0,
						0
					],
					"binding": "q.item_slot_to_bone_name(c.item_slot)",
					"cubes": [
						{
							"origin": [
								-1,
								0,
								-1
							],
							"size": [
								2,
								4,
								2
							],
							"uv": [
								14,
								11
							]
						},
						{
							"origin": [
								-1,
								4,
								-5
							],
							"size": [
								2,
								1,
								10
							],
							"uv": [
								10,
								0
							]
						},
						{
							"origin": [
								-0.5,
								5,
								0
							],
							"size": [
								1,
								24,
								4
							],
							"uv": [
								0,
								0
							]
						},
						{
							"origin": [
								-0.5,
								5,
								-4
							],
							"size": [
								1,
								18,
								1
							],
							"uv": [
								10,
								11
							]
						},
						{
							"origin": [
								-0.5,
								23,
								-4
							],
							"size": [
								1,
								7,
								1
							],
							"pivot": [
								0,
								23,
								-3
							],
							"rotation": [
								-32.5,
								0,
								0
							],
							"uv": [
								14,
								17
							]
						},
						{
							"origin": [
								-0.5,
								10,
								-3
							],
							"size": [
								1,
								1,
								3
							],
							"uv": [
								18,
								17
							]
						},
						{
							"origin": [
								-0.5,
								16,
								-3
							],
							"size": [
								1,
								1,
								3
							],
							"uv": [
								18,
								21
							]
						},
						{
							"origin": [
								-0.5,
								22,
								-3
							],
							"size": [
								1,
								1,
								3
							],
							"uv": [
								22,
								11
							]
						}
					]
				}
			]
		}
	]
}