{
	"format_version": "1.16.0",
	"minecraft:geometry": [
		{
			"description": {
				"identifier": "geometry.mythril_chestplate",
				"texture_width": 64,
				"texture_height": 64,
				"visible_bounds_width": 3,
				"visible_bounds_height": 3.5,
				"visible_bounds_offset": [
					0,
					1.25,
					0
				]
			},
			"bones": [
				{
					"name": "body",
					"pivot": [
						0,
						14,
						0
					]
				},
				{
					"name": "chestplate",
					"parent": "body",
					"pivot": [
						0,
						0,
						0
					],
					"binding": "'body'",
					"cubes": [
						{
							"origin": [
								-4,
								2,
								-2
							],
							"size": [
								8,
								12,
								4
							],
							"inflate": 1.01,
							"uv": [
								0,
								0
							]
						},
						{
							"origin": [
								-1,
								2,
								3
							],
							"size": [
								4,
								13,
								1
							],
							"pivot": [
								1,
								7,
								4
							],
							"rotation": [
								0,
								0,
								20
							],
							"uv": [
								24,
								0
							]
						},
						{
							"origin": [
								-3,
								2,
								4
							],
							"size": [
								4,
								13,
								1
							],
							"pivot": [
								-1,
								7,
								5
							],
							"rotation": [
								0,
								0,
								-20
							],
							"uv": [
								0,
								32
							]
						},
						{
							"origin": [
								-5,
								14.6,
								4
							],
							"size": [
								2,
								4,
								1
							],
							"pivot": [
								-4,
								15,
								5
							],
							"rotation": [
								0,
								0,
								-20
							],
							"uv": [
								34,
								0
							]
						},
						{
							"origin": [
								3,
								14.6,
								3
							],
							"size": [
								2,
								4,
								1
							],
							"pivot": [
								4,
								15,
								4
							],
							"rotation": [
								0,
								0,
								20
							],
							"uv": [
								34,
								5
							]
						},
						{
							"origin": [
								-6.65,
								20.2,
								4
							],
							"size": [
								1,
								4,
								1
							],
							"pivot": [
								-6,
								21,
								5
							],
							"rotation": [
								0,
								0,
								-20
							],
							"uv": [
								16,
								35
							]
						},
						{
							"origin": [
								5.65,
								20.2,
								3
							],
							"size": [
								1,
								4,
								1
							],
							"pivot": [
								6,
								21,
								4
							],
							"rotation": [
								0,
								0,
								20
							],
							"uv": [
								20,
								35
							]
						},
						{
							"origin": [
								-7.4,
								18.8,
								4
							],
							"size": [
								4,
								2,
								1
							],
							"pivot": [
								-4,
								19,
								5
							],
							"rotation": [
								0,
								0,
								-20
							],
							"uv": [
								16,
								32
							]
						},
						{
							"origin": [
								3.2,
								17.8,
								3
							],
							"size": [
								4,
								2,
								1
							],
							"pivot": [
								7,
								18,
								4
							],
							"rotation": [
								0,
								0,
								20
							],
							"uv": [
								26,
								32
							]
						},
						{
							"origin": [
								-1,
								9,
								-4
							],
							"size": [
								2,
								2,
								1
							],
							"uv": [
								32,
								28
							]
						},
						{
							"origin": [
								-2.2,
								11,
								-4
							],
							"size": [
								1,
								4,
								1
							],
							"pivot": [
								-1,
								12,
								-3
							],
							"rotation": [
								0,
								0,
								-45
							],
							"uv": [
								24,
								35
							]
						},
						{
							"origin": [
								0.8,
								10,
								-4
							],
							"size": [
								1,
								4,
								1
							],
							"pivot": [
								2,
								11,
								-3
							],
							"rotation": [
								0,
								0,
								45
							],
							"uv": [
								28,
								35
							]
						},
						{
							"origin": [
								-3.2,
								5.5,
								-4
							],
							"size": [
								1,
								4,
								1
							],
							"pivot": [
								-2,
								7,
								-5
							],
							"rotation": [
								0,
								0,
								45
							],
							"uv": [
								32,
								35
							]
						},
						{
							"origin": [
								1.8,
								6.5,
								-4
							],
							"size": [
								1,
								4,
								1
							],
							"pivot": [
								3,
								8,
								-5
							],
							"rotation": [
								0,
								0,
								-45
							],
							"uv": [
								36,
								31
							]
						}
					]
				},
				{
					"name": "arm_right",
					"pivot": [
						-5,
						12,
						0
					]
				},
				{
					"name": "arm_plate_right",
					"parent": "arm_right",
					"pivot": [
						-5,
						12,
						0
					],
					"binding": "'rightarm'",
					"cubes": [
						{
							"origin": [
								-8,
								2,
								-2
							],
							"size": [
								4,
								12,
								4
							],
							"inflate": 1,
							"uv": [
								0,
								16
							]
						},
						{
							"origin": [
								-10,
								2,
								-1
							],
							"size": [
								1,
								12,
								2
							],
							"uv": [
								10,
								32
							]
						}
					]
				},
				{
					"name": "arm_left",
					"pivot": [
						5,
						12,
						0
					]
				},
				{
					"name": "arm_plate_left",
					"parent": "arm_left",
					"pivot": [
						5,
						12,
						0
					],
					"binding": "'leftarm'",
					"cubes": [
						{
							"origin": [
								4,
								2,
								-2
							],
							"size": [
								4,
								12,
								4
							],
							"inflate": 1,
							"uv": [
								16,
								16
							]
						},
						{
							"origin": [
								9,
								2,
								-1
							],
							"size": [
								1,
								12,
								2
							],
							"uv": [
								32,
								14
							]
						}
					]
				}
			]
		}
	]
}