{
	"format_version": "1.16.0",
	"minecraft:geometry": [
		{
			"description": {
				"identifier": "geometry.mythril_helmet",
				"texture_width": 128,
				"texture_height": 128,
				"visible_bounds_width": 3,
				"visible_bounds_height": 3.5,
				"visible_bounds_offset": [
					0,
					1.25,
					0
				]
			},
			"bones": [
				{
					"name": "root_item",
					"pivot": [
						0,
						0,
						0
					]
				},
				{
					"name": "helmet",
					"parent": "root_item",
					"pivot": [
						0,
						0,
						0
					],
					"binding": "'head'",
					"cubes": [
						{
							"origin": [
								-4,
								0,
								-4
							],
							"size": [
								8,
								8,
								8
							],
							"inflate": 1,
							"uv": [
								34,
								33
							]
						},
						{
							"origin": [
								-6,
								7,
								-6
							],
							"size": [
								12,
								2,
								1
							],
							"uv": [
								60,
								21
							]
						},
						{
							"origin": [
								-1,
								9,
								-2
							],
							"size": [
								2,
								2,
								4
							],
							"uv": [
								60,
								24
							]
						},
						{
							"origin": [
								-1,
								11,
								-7
							],
							"size": [
								2,
								1,
								15
							],
							"uv": [
								0,
								33
							]
						},
						{
							"origin": [
								0,
								12,
								-9
							],
							"size": [
								0,
								14,
								19
							],
							"uv": [
								0,
								0
							]
						},
						{
							"origin": [
								7,
								-1,
								-6
							],
							"size": [
								1,
								7,
								11
							],
							"pivot": [
								7,
								-2,
								0
							],
							"rotation": [
								0,
								0,
								-20
							],
							"uv": [
								38,
								0
							]
						},
						{
							"origin": [
								-5,
								-1,
								7
							],
							"size": [
								10,
								7,
								1
							],
							"pivot": [
								0,
								0,
								7
							],
							"rotation": [
								20,
								0,
								0
							],
							"uv": [
								46,
								49
							]
						},
						{
							"origin": [
								-8,
								-1,
								-6
							],
							"size": [
								1,
								7,
								11
							],
							"pivot": [
								-7,
								-2,
								0
							],
							"rotation": [
								0,
								0,
								20
							],
							"uv": [
								0,
								49
							]
						},
						{
							"origin": [
								4,
								6,
								-6
							],
							"size": [
								2,
								1,
								1
							],
							"uv": [
								38,
								31
							]
						},
						{
							"origin": [
								5,
								6,
								-5
							],
							"size": [
								1,
								3,
								10
							],
							"uv": [
								38,
								18
							]
						},
						{
							"origin": [
								-6,
								6,
								-5
							],
							"size": [
								1,
								3,
								10
							],
							"uv": [
								24,
								49
							]
						},
						{
							"origin": [
								-6,
								6,
								5
							],
							"size": [
								12,
								3,
								1
							],
							"uv": [
								46,
								57
							]
						},
						{
							"origin": [
								-6,
								6,
								-6
							],
							"size": [
								2,
								1,
								1
							],
							"uv": [
								44,
								31
							]
						},
						{
							"origin": [
								-0.5,
								10,
								-6
							],
							"size": [
								1,
								1,
								4
							],
							"uv": [
								46,
								61
							]
						},
						{
							"origin": [
								-0.5,
								10,
								2
							],
							"size": [
								1,
								1,
								4
							],
							"uv": [
								56,
								61
							]
						}
					]
				}
			]
		}
	]
}