{
	"format_version": "1.19.0",
	"minecraft:geometry": [
		{
			"description": {
				"identifier": "geometry.scythe",
				"texture_width": 64,
				"texture_height": 64,
				"visible_bounds_width": 4,
				"visible_bounds_height": 3.5,
				"visible_bounds_offset": [
					0,
					1.25,
					0
				]
			},
			"bones": [
				{
					"name": "root_item",
					"pivot": [
						-1.04881,
						-0.8469,
						-1.45765
					],
					"binding": "q.item_slot_to_bone_name(c.item_slot)",
					"cubes": [
						{
							"origin": [
								-0.69309,
								-2.26678,
								-2.16107
							],
							"size": [
								2,
								15,
								2
							],
							"uv": [
								0,
								46
							]
						},
						{
							"origin": [
								-0.69309,
								26.73322,
								2.83893
							],
							"size": [
								2,
								8,
								2
							],
							"uv": [
								16,
								46
							]
						},
						{
							"origin": [
								-0.69309,
								12.73322,
								-2.16107
							],
							"size": [
								2,
								15,
								2
							],
							"pivot": [
								0.30691,
								12.73322,
								-1.16107
							],
							"rotation": [
								-17.5,
								0,
								0
							],
							"uv": [
								8,
								46
							]
						},
						{
							"origin": [
								0.30691,
								18.73322,
								-24.16107
							],
							"size": [
								0,
								19,
								27
							],
							"uv": [
								0,
								0
							]
						}
					]
				}
			]
		}
	]
}