{
	"format_version": "1.19.0",
	"minecraft:geometry": [
		{
			"description": {
				"identifier": "geometry.spellbound_crown",
				"texture_width": 64,
				"texture_height": 64,
				"visible_bounds_width": 3,
				"visible_bounds_height": 2.5,
				"visible_bounds_offset": [
					0,
					0.75,
					0
				]
			},
			"bones": [
				{
					"name": "root_item",
					"pivot": [
						0,
						0,
						0
					]
				},
				{
					"name": "helmet",
					"parent": "root_item",
					"pivot": [
						0,
						0,
						0
					],
					"binding": "'head'",
					"cubes": [
						{
							"origin": [
								-4,
								0,
								-4
							],
							"size": [
								8,
								8,
								8
							],
							"inflate": 1,
							"uv": [
								0,
								0
							]
						},
						{
							"origin": [
								4,
								8,
								-6
							],
							"size": [
								2,
								2,
								2
							],
							"uv": [
								24,
								16
							]
						},
						{
							"origin": [
								4,
								9,
								-6
							],
							"size": [
								2,
								6,
								2
							],
							"pivot": [
								5,
								9,
								-5
							],
							"rotation": [
								24.61562,
								35.80852,
								38.06394
							],
							"uv": [
								16,
								16
							]
						},
						{
							"origin": [
								-6,
								8,
								-6
							],
							"size": [
								2,
								2,
								2
							],
							"uv": [
								24,
								20
							]
						},
						{
							"origin": [
								-6,
								9,
								-6
							],
							"size": [
								2,
								6,
								2
							],
							"pivot": [
								-5,
								9,
								-5
							],
							"rotation": [
								30,
								45,
								0
							],
							"uv": [
								16,
								24
							]
						},
						{
							"origin": [
								-6,
								8,
								4
							],
							"size": [
								2,
								2,
								2
							],
							"uv": [
								24,
								24
							]
						},
						{
							"origin": [
								-6,
								9,
								4
							],
							"size": [
								2,
								6,
								2
							],
							"pivot": [
								-5,
								9,
								5
							],
							"rotation": [
								-26.56505,
								37.76124,
								-39.23152
							],
							"uv": [
								8,
								24
							]
						},
						{
							"origin": [
								4,
								8,
								4
							],
							"size": [
								2,
								2,
								2
							],
							"uv": [
								24,
								28
							]
						},
						{
							"origin": [
								6,
								14,
								6
							],
							"size": [
								2,
								2,
								2
							],
							"uv": [
								0,
								32
							]
						},
						{
							"origin": [
								-8,
								14,
								6
							],
							"size": [
								2,
								2,
								2
							],
							"uv": [
								32,
								0
							]
						},
						{
							"origin": [
								-8,
								14,
								-8
							],
							"size": [
								2,
								2,
								2
							],
							"uv": [
								32,
								4
							]
						},
						{
							"origin": [
								6,
								14,
								-8
							],
							"size": [
								2,
								2,
								2
							],
							"uv": [
								8,
								32
							]
						},
						{
							"origin": [
								4,
								9,
								4
							],
							"size": [
								2,
								6,
								2
							],
							"pivot": [
								5,
								9,
								5
							],
							"rotation": [
								-26.56505,
								-37.76124,
								39.23152
							],
							"uv": [
								0,
								24
							]
						},
						{
							"origin": [
								-2,
								13,
								-2
							],
							"size": [
								4,
								4,
								4
							],
							"pivot": [
								0,
								15,
								0
							],
							"rotation": [
								43.64293,
								-12.27659,
								-32.43147
							],
							"uv": [
								0,
								16
							]
						}
					]
				}
			]
		}
	]
}