{
	"format_version": "1.19.0",
	"minecraft:geometry": [
		{
			"description": {
				"identifier": "geometry.void_sword",
				"texture_width": 64,
				"texture_height": 64,
				"visible_bounds_width": 2,
				"visible_bounds_height": 4.5,
				"visible_bounds_offset": [
					0,
					1.75,
					0
				]
			},
			"bones": [
				{
					"name": "root_item",
					"pivot": [
						0,
						0,
						0
					],
					"binding": "q.item_slot_to_bone_name(c.item_slot)",
					"cubes": [
						{
							"origin": [
								-1,
								1,
								-1
							],
							"size": [
								2,
								5,
								2
							],
							"uv": [
								18,
								25
							]
						},
						{
							"origin": [
								-1,
								6,
								-6
							],
							"size": [
								2,
								1,
								12
							],
							"uv": [
								14,
								0
							]
						},
						{
							"origin": [
								-0.5,
								7,
								-3
							],
							"size": [
								1,
								27,
								6
							],
							"uv": [
								0,
								0
							]
						},
						{
							"origin": [
								-0.5,
								34,
								-2
							],
							"size": [
								1,
								3,
								4
							],
							"uv": [
								18,
								18
							]
						},
						{
							"origin": [
								-0.5,
								37,
								-1
							],
							"size": [
								1,
								3,
								2
							],
							"uv": [
								30,
								18
							]
						},
						{
							"origin": [
								0,
								7,
								-5
							],
							"size": [
								0,
								28,
								1
							],
							"uv": [
								14,
								13
							]
						},
						{
							"origin": [
								0,
								7,
								4
							],
							"size": [
								0,
								28,
								1
							],
							"uv": [
								16,
								13
							]
						},
						{
							"origin": [
								0,
								34.5,
								3.9
							],
							"size": [
								0,
								11,
								1
							],
							"pivot": [
								0,
								35,
								4
							],
							"rotation": [
								25,
								0,
								0
							],
							"uv": [
								26,
								25
							]
						},
						{
							"origin": [
								0,
								34.5,
								-4.9
							],
							"size": [
								0,
								11,
								1
							],
							"pivot": [
								0,
								35,
								-4
							],
							"rotation": [
								-25,
								0,
								0
							],
							"uv": [
								28,
								18
							]
						},
						{
							"origin": [
								0,
								44,
								-0.5
							],
							"size": [
								0,
								1,
								1
							],
							"uv": [
								28,
								30
							]
						},
						{
							"origin": [
								0,
								12,
								3
							],
							"size": [
								0,
								1,
								1
							],
							"uv": [
								30,
								29
							]
						},
						{
							"origin": [
								0,
								12,
								-4
							],
							"size": [
								0,
								1,
								1
							],
							"uv": [
								30,
								31
							]
						},
						{
							"origin": [
								0,
								18,
								-4
							],
							"size": [
								0,
								1,
								1
							],
							"uv": [
								18,
								32
							]
						},
						{
							"origin": [
								0,
								24,
								-4
							],
							"size": [
								0,
								1,
								1
							],
							"uv": [
								22,
								32
							]
						},
						{
							"origin": [
								0,
								30,
								-4
							],
							"size": [
								0,
								1,
								1
							],
							"uv": [
								28,
								32
							]
						},
						{
							"origin": [
								0,
								36,
								-4
							],
							"size": [
								0,
								1,
								2
							],
							"pivot": [
								0,
								36,
								-3
							],
							"rotation": [
								-25,
								0,
								0
							],
							"uv": [
								30,
								23
							]
						},
						{
							"origin": [
								0,
								36,
								2
							],
							"size": [
								0,
								1,
								2
							],
							"pivot": [
								0,
								36,
								3
							],
							"rotation": [
								25,
								0,
								0
							],
							"uv": [
								30,
								26
							]
						},
						{
							"origin": [
								0,
								30,
								3
							],
							"size": [
								0,
								1,
								1
							],
							"uv": [
								32,
								29
							]
						},
						{
							"origin": [
								0,
								24,
								3
							],
							"size": [
								0,
								1,
								1
							],
							"uv": [
								24,
								32
							]
						},
						{
							"origin": [
								0,
								18,
								3
							],
							"size": [
								0,
								1,
								1
							],
							"uv": [
								20,
								32
							]
						},
						{
							"origin": [
								-2,
								0,
								-2
							],
							"size": [
								4,
								1,
								4
							],
							"uv": [
								18,
								13
							]
						}
					]
				}
			]
		}
	]
}