{
	"format_version": "1.19.0",
	"minecraft:geometry": [
		{
			"description": {
				"identifier": "geometry.gold_candle_holder",
				"texture_width": 32,
				"texture_height": 32,
				"visible_bounds_width": 2,
				"visible_bounds_height": 2.5,
				"visible_bounds_offset": [
					0,
					0.75,
					0
				]
			},
			"bones": [
				{
					"name": "block",
					"pivot": [
						0,
						0,
						0
					],
					"cubes": [
						{
							"origin": [
								-3,
								0,
								-3
							],
							"size": [
								6,
								1,
								6
							],
							"uv": {
								"north": {
									"uv": [
										12,
										4
									],
									"uv_size": [
										6,
										1
									]
								},
								"east": {
									"uv": [
										12,
										5
									],
									"uv_size": [
										6,
										1
									]
								},
								"south": {
									"uv": [
										12,
										6
									],
									"uv_size": [
										6,
										1
									]
								},
								"west": {
									"uv": [
										12,
										7
									],
									"uv_size": [
										6,
										1
									]
								},
								"up": {
									"uv": [
										0,
										0
									],
									"uv_size": [
										6,
										6
									]
								},
								"down": {
									"uv": [
										0,
										12
									],
									"uv_size": [
										6,
										-6
									]
								}
							}
						},
						{
							"origin": [
								-2,
								15,
								-2
							],
							"size": [
								4,
								1,
								4
							],
							"uv": {
								"north": {
									"uv": [
										12,
										8
									],
									"uv_size": [
										4,
										1
									]
								},
								"east": {
									"uv": [
										12,
										9
									],
									"uv_size": [
										4,
										1
									]
								},
								"south": {
									"uv": [
										12,
										10
									],
									"uv_size": [
										4,
										1
									]
								},
								"west": {
									"uv": [
										12,
										11
									],
									"uv_size": [
										4,
										1
									]
								},
								"up": {
									"uv": [
										12,
										0
									],
									"uv_size": [
										4,
										4
									]
								},
								"down": {
									"uv": [
										2,
										16
									],
									"uv_size": [
										4,
										-4
									]
								}
							}
						},
						{
							"origin": [
								-1,
								0,
								-1
							],
							"size": [
								2,
								15,
								2
							],
							"uv": {
								"north": {
									"uv": [
										6,
										0
									],
									"uv_size": [
										2,
										15
									]
								},
								"east": {
									"uv": [
										8,
										0
									],
									"uv_size": [
										2,
										15
									]
								},
								"south": {
									"uv": [
										10,
										0
									],
									"uv_size": [
										2,
										15
									]
								},
								"west": {
									"uv": [
										0,
										12
									],
									"uv_size": [
										2,
										15
									]
								},
								"up": {
									"uv": [
										12,
										12
									],
									"uv_size": [
										2,
										2
									]
								},
								"down": {
									"uv": [
										12,
										16
									],
									"uv_size": [
										2,
										-2
									]
								}
							}
						},
						{
							"origin": [
								-2,
								12,
								1
							],
							"size": [
								1,
								3,
								1
							],
							"uv": {
								"north": {
									"uv": [
										14,
										12
									],
									"uv_size": [
										1,
										3
									]
								},
								"east": {
									"uv": [
										6,
										15
									],
									"uv_size": [
										1,
										3
									]
								},
								"south": {
									"uv": [
										7,
										15
									],
									"uv_size": [
										1,
										3
									]
								},
								"west": {
									"uv": [
										8,
										15
									],
									"uv_size": [
										1,
										3
									]
								},
								"up": {
									"uv": [
										16,
										3
									],
									"uv_size": [
										1,
										1
									]
								},
								"down": {
									"uv": [
										17,
										4
									],
									"uv_size": [
										1,
										-1
									]
								}
							}
						},
						{
							"origin": [
								-2,
								16,
								1
							],
							"size": [
								1,
								2,
								1
							],
							"uv": {
								"north": {
									"uv": [
										9,
										18
									],
									"uv_size": [
										1,
										2
									]
								},
								"east": {
									"uv": [
										18,
										9
									],
									"uv_size": [
										1,
										2
									]
								},
								"south": {
									"uv": [
										10,
										18
									],
									"uv_size": [
										1,
										2
									]
								},
								"west": {
									"uv": [
										11,
										18
									],
									"uv_size": [
										1,
										2
									]
								},
								"up": {
									"uv": [
										5,
										19
									],
									"uv_size": [
										1,
										1
									]
								},
								"down": {
									"uv": [
										19,
										7
									],
									"uv_size": [
										1,
										-1
									]
								}
							}
						},
						{
							"origin": [
								1,
								16,
								1
							],
							"size": [
								1,
								2,
								1
							],
							"uv": {
								"north": {
									"uv": [
										18,
										11
									],
									"uv_size": [
										1,
										2
									]
								},
								"east": {
									"uv": [
										18,
										13
									],
									"uv_size": [
										1,
										2
									]
								},
								"south": {
									"uv": [
										14,
										18
									],
									"uv_size": [
										1,
										2
									]
								},
								"west": {
									"uv": [
										15,
										18
									],
									"uv_size": [
										1,
										2
									]
								},
								"up": {
									"uv": [
										19,
										7
									],
									"uv_size": [
										1,
										1
									]
								},
								"down": {
									"uv": [
										19,
										9
									],
									"uv_size": [
										1,
										-1
									]
								}
							}
						},
						{
							"origin": [
								1,
								16,
								-2
							],
							"size": [
								1,
								2,
								1
							],
							"uv": {
								"north": {
									"uv": [
										18,
										15
									],
									"uv_size": [
										1,
										2
									]
								},
								"east": {
									"uv": [
										18,
										17
									],
									"uv_size": [
										1,
										2
									]
								},
								"south": {
									"uv": [
										19,
										0
									],
									"uv_size": [
										1,
										2
									]
								},
								"west": {
									"uv": [
										2,
										19
									],
									"uv_size": [
										1,
										2
									]
								},
								"up": {
									"uv": [
										19,
										9
									],
									"uv_size": [
										1,
										1
									]
								},
								"down": {
									"uv": [
										19,
										11
									],
									"uv_size": [
										1,
										-1
									]
								}
							}
						},
						{
							"origin": [
								-2,
								16,
								-2
							],
							"size": [
								1,
								2,
								1
							],
							"uv": {
								"north": {
									"uv": [
										19,
										2
									],
									"uv_size": [
										1,
										2
									]
								},
								"east": {
									"uv": [
										3,
										19
									],
									"uv_size": [
										1,
										2
									]
								},
								"south": {
									"uv": [
										4,
										19
									],
									"uv_size": [
										1,
										2
									]
								},
								"west": {
									"uv": [
										19,
										4
									],
									"uv_size": [
										1,
										2
									]
								},
								"up": {
									"uv": [
										19,
										11
									],
									"uv_size": [
										1,
										1
									]
								},
								"down": {
									"uv": [
										12,
										20
									],
									"uv_size": [
										1,
										-1
									]
								}
							}
						},
						{
							"origin": [
								-2,
								1,
								1
							],
							"size": [
								1,
								3,
								1
							],
							"uv": {
								"north": {
									"uv": [
										9,
										15
									],
									"uv_size": [
										1,
										3
									]
								},
								"east": {
									"uv": [
										10,
										15
									],
									"uv_size": [
										1,
										3
									]
								},
								"south": {
									"uv": [
										11,
										15
									],
									"uv_size": [
										1,
										3
									]
								},
								"west": {
									"uv": [
										15,
										12
									],
									"uv_size": [
										1,
										3
									]
								},
								"up": {
									"uv": [
										19,
										12
									],
									"uv_size": [
										1,
										1
									]
								},
								"down": {
									"uv": [
										13,
										20
									],
									"uv_size": [
										1,
										-1
									]
								}
							}
						},
						{
							"origin": [
								1,
								1,
								1
							],
							"size": [
								1,
								3,
								1
							],
							"uv": {
								"north": {
									"uv": [
										14,
										15
									],
									"uv_size": [
										1,
										3
									]
								},
								"east": {
									"uv": [
										15,
										15
									],
									"uv_size": [
										1,
										3
									]
								},
								"south": {
									"uv": [
										16,
										0
									],
									"uv_size": [
										1,
										3
									]
								},
								"west": {
									"uv": [
										2,
										16
									],
									"uv_size": [
										1,
										3
									]
								},
								"up": {
									"uv": [
										19,
										13
									],
									"uv_size": [
										1,
										1
									]
								},
								"down": {
									"uv": [
										19,
										15
									],
									"uv_size": [
										1,
										-1
									]
								}
							}
						},
						{
							"origin": [
								1,
								1,
								-2
							],
							"size": [
								1,
								3,
								1
							],
							"uv": {
								"north": {
									"uv": [
										3,
										16
									],
									"uv_size": [
										1,
										3
									]
								},
								"east": {
									"uv": [
										4,
										16
									],
									"uv_size": [
										1,
										3
									]
								},
								"south": {
									"uv": [
										5,
										16
									],
									"uv_size": [
										1,
										3
									]
								},
								"west": {
									"uv": [
										16,
										8
									],
									"uv_size": [
										1,
										3
									]
								},
								"up": {
									"uv": [
										19,
										15
									],
									"uv_size": [
										1,
										1
									]
								},
								"down": {
									"uv": [
										19,
										17
									],
									"uv_size": [
										1,
										-1
									]
								}
							}
						},
						{
							"origin": [
								-2,
								1,
								-2
							],
							"size": [
								1,
								3,
								1
							],
							"uv": {
								"north": {
									"uv": [
										16,
										11
									],
									"uv_size": [
										1,
										3
									]
								},
								"east": {
									"uv": [
										12,
										16
									],
									"uv_size": [
										1,
										3
									]
								},
								"south": {
									"uv": [
										13,
										16
									],
									"uv_size": [
										1,
										3
									]
								},
								"west": {
									"uv": [
										16,
										14
									],
									"uv_size": [
										1,
										3
									]
								},
								"up": {
									"uv": [
										19,
										17
									],
									"uv_size": [
										1,
										1
									]
								},
								"down": {
									"uv": [
										18,
										20
									],
									"uv_size": [
										1,
										-1
									]
								}
							}
						},
						{
							"origin": [
								1,
								12,
								1
							],
							"size": [
								1,
								3,
								1
							],
							"uv": {
								"north": {
									"uv": [
										17,
										0
									],
									"uv_size": [
										1,
										3
									]
								},
								"east": {
									"uv": [
										17,
										8
									],
									"uv_size": [
										1,
										3
									]
								},
								"south": {
									"uv": [
										17,
										11
									],
									"uv_size": [
										1,
										3
									]
								},
								"west": {
									"uv": [
										17,
										14
									],
									"uv_size": [
										1,
										3
									]
								},
								"up": {
									"uv": [
										19,
										18
									],
									"uv_size": [
										1,
										1
									]
								},
								"down": {
									"uv": [
										19,
										20
									],
									"uv_size": [
										1,
										-1
									]
								}
							}
						},
						{
							"origin": [
								1,
								12,
								-2
							],
							"size": [
								1,
								3,
								1
							],
							"uv": {
								"north": {
									"uv": [
										16,
										17
									],
									"uv_size": [
										1,
										3
									]
								},
								"east": {
									"uv": [
										17,
										17
									],
									"uv_size": [
										1,
										3
									]
								},
								"south": {
									"uv": [
										18,
										0
									],
									"uv_size": [
										1,
										3
									]
								},
								"west": {
									"uv": [
										18,
										3
									],
									"uv_size": [
										1,
										3
									]
								},
								"up": {
									"uv": [
										20,
										0
									],
									"uv_size": [
										1,
										1
									]
								},
								"down": {
									"uv": [
										20,
										2
									],
									"uv_size": [
										1,
										-1
									]
								}
							}
						},
						{
							"origin": [
								-2,
								12,
								-2
							],
							"size": [
								1,
								3,
								1
							],
							"uv": {
								"north": {
									"uv": [
										6,
										18
									],
									"uv_size": [
										1,
										3
									]
								},
								"east": {
									"uv": [
										18,
										6
									],
									"uv_size": [
										1,
										3
									]
								},
								"south": {
									"uv": [
										7,
										18
									],
									"uv_size": [
										1,
										3
									]
								},
								"west": {
									"uv": [
										8,
										18
									],
									"uv_size": [
										1,
										3
									]
								},
								"up": {
									"uv": [
										20,
										2
									],
									"uv_size": [
										1,
										1
									]
								},
								"down": {
									"uv": [
										20,
										4
									],
									"uv_size": [
										1,
										-1
									]
								}
							}
						}
					]
				}
			]
		}
	]
}