{
	"format_version": "1.21.20",
	"minecraft:geometry": [
		{
			"description": {
				"identifier": "geometry.large_coin_stack",
				"texture_width": 64,
				"texture_height": 64,
				"visible_bounds_width": 3,
				"visible_bounds_height": 2.5,
				"visible_bounds_offset": [
					0,
					0.75,
					0
				]
			},
			"bones": [
				{
					"name": "block",
					"pivot": [
						0,
						0,
						0
					],
					"cubes": [
						{
							"origin": [
								-7,
								0,
								3
							],
							"size": [
								4,
								1,
								4
							],
							"pivot": [
								-5,
								0,
								5
							],
							"rotation": [
								0,
								-32.5,
								0
							],
							"uv": {
								"north": {
									"uv": [
										28,
										8
									],
									"uv_size": [
										4,
										1
									]
								},
								"east": {
									"uv": [
										28,
										9
									],
									"uv_size": [
										4,
										1
									]
								},
								"south": {
									"uv": [
										28,
										10
									],
									"uv_size": [
										4,
										1
									]
								},
								"west": {
									"uv": [
										28,
										11
									],
									"uv_size": [
										4,
										1
									]
								},
								"up": {
									"uv": [
										0,
										0
									],
									"uv_size": [
										4,
										4
									]
								},
								"down": {
									"uv": [
										0,
										8
									],
									"uv_size": [
										4,
										-4
									]
								}
							}
						},
						{
							"origin": [
								-6,
								0,
								-6
							],
							"size": [
								4,
								1,
								4
							],
							"pivot": [
								-4,
								0,
								-4
							],
							"rotation": [
								0,
								15,
								0
							],
							"uv": {
								"north": {
									"uv": [
										12,
										28
									],
									"uv_size": [
										4,
										1
									]
								},
								"east": {
									"uv": [
										28,
										12
									],
									"uv_size": [
										4,
										1
									]
								},
								"south": {
									"uv": [
										28,
										13
									],
									"uv_size": [
										4,
										1
									]
								},
								"west": {
									"uv": [
										28,
										14
									],
									"uv_size": [
										4,
										1
									]
								},
								"up": {
									"uv": [
										4,
										0
									],
									"uv_size": [
										4,
										4
									]
								},
								"down": {
									"uv": [
										4,
										8
									],
									"uv_size": [
										4,
										-4
									]
								}
							}
						},
						{
							"origin": [
								-5,
								0,
								-2
							],
							"size": [
								4,
								1,
								4
							],
							"pivot": [
								-3,
								0,
								0
							],
							"rotation": [
								0,
								15,
								0
							],
							"uv": {
								"north": {
									"uv": [
										28,
										15
									],
									"uv_size": [
										4,
										1
									]
								},
								"east": {
									"uv": [
										16,
										28
									],
									"uv_size": [
										4,
										1
									]
								},
								"south": {
									"uv": [
										28,
										16
									],
									"uv_size": [
										4,
										1
									]
								},
								"west": {
									"uv": [
										28,
										17
									],
									"uv_size": [
										4,
										1
									]
								},
								"up": {
									"uv": [
										0,
										8
									],
									"uv_size": [
										4,
										4
									]
								},
								"down": {
									"uv": [
										8,
										4
									],
									"uv_size": [
										4,
										-4
									]
								}
							}
						},
						{
							"origin": [
								-2,
								0,
								3
							],
							"size": [
								4,
								1,
								4
							],
							"pivot": [
								0,
								0,
								5
							],
							"rotation": [
								0,
								-17.5,
								0
							],
							"uv": {
								"north": {
									"uv": [
										28,
										18
									],
									"uv_size": [
										4,
										1
									]
								},
								"east": {
									"uv": [
										28,
										19
									],
									"uv_size": [
										4,
										1
									]
								},
								"south": {
									"uv": [
										20,
										28
									],
									"uv_size": [
										4,
										1
									]
								},
								"west": {
									"uv": [
										28,
										20
									],
									"uv_size": [
										4,
										1
									]
								},
								"up": {
									"uv": [
										4,
										8
									],
									"uv_size": [
										4,
										4
									]
								},
								"down": {
									"uv": [
										8,
										8
									],
									"uv_size": [
										4,
										-4
									]
								}
							}
						},
						{
							"origin": [
								3,
								0,
								1
							],
							"size": [
								4,
								1,
								4
							],
							"pivot": [
								5,
								0,
								3
							],
							"rotation": [
								0,
								-17.5,
								0
							],
							"uv": {
								"north": {
									"uv": [
										28,
										21
									],
									"uv_size": [
										4,
										1
									]
								},
								"east": {
									"uv": [
										28,
										22
									],
									"uv_size": [
										4,
										1
									]
								},
								"south": {
									"uv": [
										28,
										23
									],
									"uv_size": [
										4,
										1
									]
								},
								"west": {
									"uv": [
										24,
										28
									],
									"uv_size": [
										4,
										1
									]
								},
								"up": {
									"uv": [
										8,
										8
									],
									"uv_size": [
										4,
										4
									]
								},
								"down": {
									"uv": [
										0,
										16
									],
									"uv_size": [
										4,
										-4
									]
								}
							}
						},
						{
							"origin": [
								-6,
								1,
								-6
							],
							"size": [
								4,
								1,
								4
							],
							"pivot": [
								-4,
								1,
								-4
							],
							"rotation": [
								0,
								-17.5,
								0
							],
							"uv": {
								"north": {
									"uv": [
										28,
										24
									],
									"uv_size": [
										4,
										1
									]
								},
								"east": {
									"uv": [
										28,
										25
									],
									"uv_size": [
										4,
										1
									]
								},
								"south": {
									"uv": [
										28,
										26
									],
									"uv_size": [
										4,
										1
									]
								},
								"west": {
									"uv": [
										28,
										27
									],
									"uv_size": [
										4,
										1
									]
								},
								"up": {
									"uv": [
										12,
										0
									],
									"uv_size": [
										4,
										4
									]
								},
								"down": {
									"uv": [
										4,
										16
									],
									"uv_size": [
										4,
										-4
									]
								}
							}
						},
						{
							"origin": [
								-2,
								1,
								-3
							],
							"size": [
								4,
								1,
								4
							],
							"pivot": [
								0,
								1,
								-1
							],
							"rotation": [
								0,
								-7.5,
								0
							],
							"uv": {
								"north": {
									"uv": [
										28,
										28
									],
									"uv_size": [
										4,
										1
									]
								},
								"east": {
									"uv": [
										12,
										29
									],
									"uv_size": [
										4,
										1
									]
								},
								"south": {
									"uv": [
										16,
										29
									],
									"uv_size": [
										4,
										1
									]
								},
								"west": {
									"uv": [
										20,
										29
									],
									"uv_size": [
										4,
										1
									]
								},
								"up": {
									"uv": [
										12,
										4
									],
									"uv_size": [
										4,
										4
									]
								},
								"down": {
									"uv": [
										8,
										16
									],
									"uv_size": [
										4,
										-4
									]
								}
							}
						},
						{
							"origin": [
								-2,
								1,
								2
							],
							"size": [
								4,
								1,
								4
							],
							"pivot": [
								0,
								1,
								4
							],
							"rotation": [
								0,
								-7.5,
								0
							],
							"uv": {
								"north": {
									"uv": [
										24,
										29
									],
									"uv_size": [
										4,
										1
									]
								},
								"east": {
									"uv": [
										28,
										29
									],
									"uv_size": [
										4,
										1
									]
								},
								"south": {
									"uv": [
										12,
										30
									],
									"uv_size": [
										4,
										1
									]
								},
								"west": {
									"uv": [
										16,
										30
									],
									"uv_size": [
										4,
										1
									]
								},
								"up": {
									"uv": [
										12,
										8
									],
									"uv_size": [
										4,
										4
									]
								},
								"down": {
									"uv": [
										12,
										16
									],
									"uv_size": [
										4,
										-4
									]
								}
							}
						},
						{
							"origin": [
								3,
								1,
								2
							],
							"size": [
								4,
								1,
								4
							],
							"pivot": [
								5,
								1,
								4
							],
							"rotation": [
								0,
								-7.5,
								0
							],
							"uv": {
								"north": {
									"uv": [
										20,
										30
									],
									"uv_size": [
										4,
										1
									]
								},
								"east": {
									"uv": [
										24,
										30
									],
									"uv_size": [
										4,
										1
									]
								},
								"south": {
									"uv": [
										28,
										30
									],
									"uv_size": [
										4,
										1
									]
								},
								"west": {
									"uv": [
										12,
										31
									],
									"uv_size": [
										4,
										1
									]
								},
								"up": {
									"uv": [
										0,
										16
									],
									"uv_size": [
										4,
										4
									]
								},
								"down": {
									"uv": [
										16,
										4
									],
									"uv_size": [
										4,
										-4
									]
								}
							}
						},
						{
							"origin": [
								3,
								1,
								-6
							],
							"size": [
								4,
								1,
								4
							],
							"pivot": [
								5,
								1,
								-4
							],
							"rotation": [
								0,
								-7.5,
								0
							],
							"uv": {
								"north": {
									"uv": [
										16,
										31
									],
									"uv_size": [
										4,
										1
									]
								},
								"east": {
									"uv": [
										20,
										31
									],
									"uv_size": [
										4,
										1
									]
								},
								"south": {
									"uv": [
										24,
										31
									],
									"uv_size": [
										4,
										1
									]
								},
								"west": {
									"uv": [
										28,
										31
									],
									"uv_size": [
										4,
										1
									]
								},
								"up": {
									"uv": [
										4,
										16
									],
									"uv_size": [
										4,
										4
									]
								},
								"down": {
									"uv": [
										16,
										8
									],
									"uv_size": [
										4,
										-4
									]
								}
							}
						},
						{
							"origin": [
								0,
								2,
								-6
							],
							"size": [
								4,
								1,
								4
							],
							"pivot": [
								2,
								2,
								-4
							],
							"rotation": [
								0,
								-7.5,
								0
							],
							"uv": {
								"north": {
									"uv": [
										0,
										32
									],
									"uv_size": [
										4,
										1
									]
								},
								"east": {
									"uv": [
										32,
										0
									],
									"uv_size": [
										4,
										1
									]
								},
								"south": {
									"uv": [
										32,
										1
									],
									"uv_size": [
										4,
										1
									]
								},
								"west": {
									"uv": [
										32,
										2
									],
									"uv_size": [
										4,
										1
									]
								},
								"up": {
									"uv": [
										8,
										16
									],
									"uv_size": [
										4,
										4
									]
								},
								"down": {
									"uv": [
										16,
										12
									],
									"uv_size": [
										4,
										-4
									]
								}
							}
						},
						{
							"origin": [
								0,
								3,
								-6
							],
							"size": [
								4,
								1,
								4
							],
							"pivot": [
								2,
								3,
								-4
							],
							"rotation": [
								0,
								17.5,
								0
							],
							"uv": {
								"north": {
									"uv": [
										32,
										3
									],
									"uv_size": [
										4,
										1
									]
								},
								"east": {
									"uv": [
										4,
										32
									],
									"uv_size": [
										4,
										1
									]
								},
								"south": {
									"uv": [
										32,
										4
									],
									"uv_size": [
										4,
										1
									]
								},
								"west": {
									"uv": [
										32,
										5
									],
									"uv_size": [
										4,
										1
									]
								},
								"up": {
									"uv": [
										12,
										16
									],
									"uv_size": [
										4,
										4
									]
								},
								"down": {
									"uv": [
										16,
										16
									],
									"uv_size": [
										4,
										-4
									]
								}
							}
						},
						{
							"origin": [
								-5,
								2,
								-6
							],
							"size": [
								4,
								1,
								4
							],
							"pivot": [
								-3,
								2,
								-4
							],
							"rotation": [
								0,
								-7.5,
								0
							],
							"uv": {
								"north": {
									"uv": [
										32,
										6
									],
									"uv_size": [
										4,
										1
									]
								},
								"east": {
									"uv": [
										32,
										7
									],
									"uv_size": [
										4,
										1
									]
								},
								"south": {
									"uv": [
										8,
										32
									],
									"uv_size": [
										4,
										1
									]
								},
								"west": {
									"uv": [
										32,
										8
									],
									"uv_size": [
										4,
										1
									]
								},
								"up": {
									"uv": [
										16,
										16
									],
									"uv_size": [
										4,
										4
									]
								},
								"down": {
									"uv": [
										0,
										24
									],
									"uv_size": [
										4,
										-4
									]
								}
							}
						},
						{
							"origin": [
								-8,
								1.2,
								-2
							],
							"size": [
								4,
								1,
								4
							],
							"pivot": [
								-6,
								2,
								0
							],
							"rotation": [
								6.50446,
								-3.74196,
								-60.21271
							],
							"uv": {
								"north": {
									"uv": [
										32,
										9
									],
									"uv_size": [
										4,
										1
									]
								},
								"east": {
									"uv": [
										32,
										10
									],
									"uv_size": [
										4,
										1
									]
								},
								"south": {
									"uv": [
										32,
										11
									],
									"uv_size": [
										4,
										1
									]
								},
								"west": {
									"uv": [
										12,
										32
									],
									"uv_size": [
										4,
										1
									]
								},
								"up": {
									"uv": [
										20,
										0
									],
									"uv_size": [
										4,
										4
									]
								},
								"down": {
									"uv": [
										4,
										24
									],
									"uv_size": [
										4,
										-4
									]
								}
							}
						},
						{
							"origin": [
								-4,
								3,
								-3
							],
							"size": [
								4,
								1,
								4
							],
							"pivot": [
								-2,
								3,
								-1
							],
							"rotation": [
								0,
								-7.5,
								0
							],
							"uv": {
								"north": {
									"uv": [
										32,
										12
									],
									"uv_size": [
										4,
										1
									]
								},
								"east": {
									"uv": [
										32,
										13
									],
									"uv_size": [
										4,
										1
									]
								},
								"south": {
									"uv": [
										32,
										14
									],
									"uv_size": [
										4,
										1
									]
								},
								"west": {
									"uv": [
										32,
										15
									],
									"uv_size": [
										4,
										1
									]
								},
								"up": {
									"uv": [
										20,
										4
									],
									"uv_size": [
										4,
										4
									]
								},
								"down": {
									"uv": [
										8,
										24
									],
									"uv_size": [
										4,
										-4
									]
								}
							}
						},
						{
							"origin": [
								-2,
								4,
								-4
							],
							"size": [
								4,
								1,
								4
							],
							"pivot": [
								0,
								4,
								-2
							],
							"rotation": [
								0,
								-7.5,
								0
							],
							"uv": {
								"north": {
									"uv": [
										16,
										32
									],
									"uv_size": [
										4,
										1
									]
								},
								"east": {
									"uv": [
										32,
										16
									],
									"uv_size": [
										4,
										1
									]
								},
								"south": {
									"uv": [
										32,
										17
									],
									"uv_size": [
										4,
										1
									]
								},
								"west": {
									"uv": [
										32,
										18
									],
									"uv_size": [
										4,
										1
									]
								},
								"up": {
									"uv": [
										20,
										8
									],
									"uv_size": [
										4,
										4
									]
								},
								"down": {
									"uv": [
										12,
										24
									],
									"uv_size": [
										4,
										-4
									]
								}
							}
						},
						{
							"origin": [
								-3,
								2,
								0
							],
							"size": [
								4,
								1,
								4
							],
							"pivot": [
								-1,
								2,
								2
							],
							"rotation": [
								0,
								-7.5,
								0
							],
							"uv": {
								"north": {
									"uv": [
										32,
										19
									],
									"uv_size": [
										4,
										1
									]
								},
								"east": {
									"uv": [
										20,
										32
									],
									"uv_size": [
										4,
										1
									]
								},
								"south": {
									"uv": [
										32,
										20
									],
									"uv_size": [
										4,
										1
									]
								},
								"west": {
									"uv": [
										32,
										21
									],
									"uv_size": [
										4,
										1
									]
								},
								"up": {
									"uv": [
										20,
										12
									],
									"uv_size": [
										4,
										4
									]
								},
								"down": {
									"uv": [
										16,
										24
									],
									"uv_size": [
										4,
										-4
									]
								}
							}
						},
						{
							"origin": [
								-6,
								3,
								3
							],
							"size": [
								4,
								1,
								4
							],
							"pivot": [
								-4,
								3,
								5
							],
							"rotation": [
								0,
								-7.5,
								0
							],
							"uv": {
								"north": {
									"uv": [
										32,
										22
									],
									"uv_size": [
										4,
										1
									]
								},
								"east": {
									"uv": [
										32,
										23
									],
									"uv_size": [
										4,
										1
									]
								},
								"south": {
									"uv": [
										24,
										32
									],
									"uv_size": [
										4,
										1
									]
								},
								"west": {
									"uv": [
										32,
										24
									],
									"uv_size": [
										4,
										1
									]
								},
								"up": {
									"uv": [
										20,
										16
									],
									"uv_size": [
										4,
										4
									]
								},
								"down": {
									"uv": [
										20,
										24
									],
									"uv_size": [
										4,
										-4
									]
								}
							}
						},
						{
							"origin": [
								-7,
								4,
								2
							],
							"size": [
								4,
								1,
								4
							],
							"pivot": [
								-5,
								4,
								4
							],
							"rotation": [
								0,
								-7.5,
								0
							],
							"uv": {
								"north": {
									"uv": [
										32,
										25
									],
									"uv_size": [
										4,
										1
									]
								},
								"east": {
									"uv": [
										32,
										26
									],
									"uv_size": [
										4,
										1
									]
								},
								"south": {
									"uv": [
										32,
										27
									],
									"uv_size": [
										4,
										1
									]
								},
								"west": {
									"uv": [
										28,
										32
									],
									"uv_size": [
										4,
										1
									]
								},
								"up": {
									"uv": [
										0,
										24
									],
									"uv_size": [
										4,
										4
									]
								},
								"down": {
									"uv": [
										24,
										4
									],
									"uv_size": [
										4,
										-4
									]
								}
							}
						},
						{
							"origin": [
								-4,
								5,
								2
							],
							"size": [
								4,
								1,
								4
							],
							"pivot": [
								-2,
								5,
								4
							],
							"rotation": [
								0,
								35,
								0
							],
							"uv": {
								"north": {
									"uv": [
										32,
										28
									],
									"uv_size": [
										4,
										1
									]
								},
								"east": {
									"uv": [
										32,
										29
									],
									"uv_size": [
										4,
										1
									]
								},
								"south": {
									"uv": [
										32,
										30
									],
									"uv_size": [
										4,
										1
									]
								},
								"west": {
									"uv": [
										32,
										31
									],
									"uv_size": [
										4,
										1
									]
								},
								"up": {
									"uv": [
										4,
										24
									],
									"uv_size": [
										4,
										4
									]
								},
								"down": {
									"uv": [
										24,
										8
									],
									"uv_size": [
										4,
										-4
									]
								}
							}
						},
						{
							"origin": [
								1,
								3,
								2
							],
							"size": [
								4,
								1,
								4
							],
							"pivot": [
								3,
								3,
								4
							],
							"rotation": [
								0,
								-37.5,
								0
							],
							"uv": {
								"north": {
									"uv": [
										32,
										32
									],
									"uv_size": [
										4,
										1
									]
								},
								"east": {
									"uv": [
										0,
										33
									],
									"uv_size": [
										4,
										1
									]
								},
								"south": {
									"uv": [
										4,
										33
									],
									"uv_size": [
										4,
										1
									]
								},
								"west": {
									"uv": [
										8,
										33
									],
									"uv_size": [
										4,
										1
									]
								},
								"up": {
									"uv": [
										8,
										24
									],
									"uv_size": [
										4,
										4
									]
								},
								"down": {
									"uv": [
										24,
										12
									],
									"uv_size": [
										4,
										-4
									]
								}
							}
						},
						{
							"origin": [
								-2,
								4,
								2
							],
							"size": [
								4,
								1,
								4
							],
							"pivot": [
								0,
								4,
								4
							],
							"rotation": [
								0,
								-37.5,
								0
							],
							"uv": {
								"north": {
									"uv": [
										12,
										33
									],
									"uv_size": [
										4,
										1
									]
								},
								"east": {
									"uv": [
										16,
										33
									],
									"uv_size": [
										4,
										1
									]
								},
								"south": {
									"uv": [
										20,
										33
									],
									"uv_size": [
										4,
										1
									]
								},
								"west": {
									"uv": [
										24,
										33
									],
									"uv_size": [
										4,
										1
									]
								},
								"up": {
									"uv": [
										12,
										24
									],
									"uv_size": [
										4,
										4
									]
								},
								"down": {
									"uv": [
										24,
										16
									],
									"uv_size": [
										4,
										-4
									]
								}
							}
						},
						{
							"origin": [
								3,
								2,
								2
							],
							"size": [
								4,
								1,
								4
							],
							"pivot": [
								5,
								2,
								4
							],
							"rotation": [
								0,
								15,
								0
							],
							"uv": {
								"north": {
									"uv": [
										28,
										33
									],
									"uv_size": [
										4,
										1
									]
								},
								"east": {
									"uv": [
										32,
										33
									],
									"uv_size": [
										4,
										1
									]
								},
								"south": {
									"uv": [
										0,
										34
									],
									"uv_size": [
										4,
										1
									]
								},
								"west": {
									"uv": [
										4,
										34
									],
									"uv_size": [
										4,
										1
									]
								},
								"up": {
									"uv": [
										16,
										24
									],
									"uv_size": [
										4,
										4
									]
								},
								"down": {
									"uv": [
										24,
										20
									],
									"uv_size": [
										4,
										-4
									]
								}
							}
						},
						{
							"origin": [
								-7,
								1,
								3
							],
							"size": [
								4,
								1,
								4
							],
							"pivot": [
								-5,
								1,
								5
							],
							"rotation": [
								0,
								20,
								0
							],
							"uv": {
								"north": {
									"uv": [
										8,
										34
									],
									"uv_size": [
										4,
										1
									]
								},
								"east": {
									"uv": [
										12,
										34
									],
									"uv_size": [
										4,
										1
									]
								},
								"south": {
									"uv": [
										16,
										34
									],
									"uv_size": [
										4,
										1
									]
								},
								"west": {
									"uv": [
										20,
										34
									],
									"uv_size": [
										4,
										1
									]
								},
								"up": {
									"uv": [
										20,
										24
									],
									"uv_size": [
										4,
										4
									]
								},
								"down": {
									"uv": [
										24,
										24
									],
									"uv_size": [
										4,
										-4
									]
								}
							}
						},
						{
							"origin": [
								-8,
								2,
								3
							],
							"size": [
								4,
								1,
								4
							],
							"uv": {
								"north": {
									"uv": [
										24,
										34
									],
									"uv_size": [
										4,
										1
									]
								},
								"east": {
									"uv": [
										28,
										34
									],
									"uv_size": [
										4,
										1
									]
								},
								"south": {
									"uv": [
										32,
										34
									],
									"uv_size": [
										4,
										1
									]
								},
								"west": {
									"uv": [
										0,
										35
									],
									"uv_size": [
										4,
										1
									]
								},
								"up": {
									"uv": [
										24,
										24
									],
									"uv_size": [
										4,
										4
									]
								},
								"down": {
									"uv": [
										0,
										32
									],
									"uv_size": [
										4,
										-4
									]
								}
							}
						},
						{
							"origin": [
								-1,
								0,
								-6
							],
							"size": [
								4,
								1,
								4
							],
							"pivot": [
								1,
								0,
								-4
							],
							"rotation": [
								0,
								-12.5,
								0
							],
							"uv": {
								"north": {
									"uv": [
										4,
										35
									],
									"uv_size": [
										4,
										1
									]
								},
								"east": {
									"uv": [
										8,
										35
									],
									"uv_size": [
										4,
										1
									]
								},
								"south": {
									"uv": [
										12,
										35
									],
									"uv_size": [
										4,
										1
									]
								},
								"west": {
									"uv": [
										16,
										35
									],
									"uv_size": [
										4,
										1
									]
								},
								"up": {
									"uv": [
										28,
										0
									],
									"uv_size": [
										4,
										4
									]
								},
								"down": {
									"uv": [
										4,
										32
									],
									"uv_size": [
										4,
										-4
									]
								}
							}
						},
						{
							"origin": [
								3,
								0,
								-4
							],
							"size": [
								4,
								1,
								4
							],
							"pivot": [
								5,
								0,
								-2
							],
							"rotation": [
								0,
								-12.5,
								0
							],
							"uv": {
								"north": {
									"uv": [
										20,
										35
									],
									"uv_size": [
										4,
										1
									]
								},
								"east": {
									"uv": [
										24,
										35
									],
									"uv_size": [
										4,
										1
									]
								},
								"south": {
									"uv": [
										28,
										35
									],
									"uv_size": [
										4,
										1
									]
								},
								"west": {
									"uv": [
										32,
										35
									],
									"uv_size": [
										4,
										1
									]
								},
								"up": {
									"uv": [
										28,
										4
									],
									"uv_size": [
										4,
										4
									]
								},
								"down": {
									"uv": [
										8,
										32
									],
									"uv_size": [
										4,
										-4
									]
								}
							}
						}
					]
				}
			]
		}
	]
}