{
	"format_version": "1.21.20",
	"minecraft:geometry": [
		{
			"description": {
				"identifier": "geometry.spell_bound_table",
				"texture_width": 64,
				"texture_height": 64,
				"visible_bounds_width": 2,
				"visible_bounds_height": 2.5,
				"visible_bounds_offset": [
					0,
					0.75,
					0
				]
			},
			"bones": [
				{
					"name": "bb_main",
					"pivot": [
						0,
						0,
						0
					],
					"cubes": [
						{
							"origin": [
								-8,
								0,
								-8
							],
							"size": [
								16,
								6,
								16
							],
							"uv": {
								"north": {
									"uv": [
										16,
										0
									],
									"uv_size": [
										16,
										6
									]
								},
								"east": {
									"uv": [
										16,
										6
									],
									"uv_size": [
										16,
										6
									]
								},
								"south": {
									"uv": [
										16,
										12
									],
									"uv_size": [
										16,
										6
									]
								},
								"west": {
									"uv": [
										16,
										18
									],
									"uv_size": [
										16,
										6
									]
								},
								"up": {
									"uv": [
										0,
										0
									],
									"uv_size": [
										16,
										16
									]
								},
								"down": {
									"uv": [
										0,
										32
									],
									"uv_size": [
										16,
										-16
									]
								}
							}
						},
						{
							"origin": [
								-6,
								8,
								4
							],
							"size": [
								2,
								8,
								2
							],
							"uv": {
								"north": {
									"uv": [
										16,
										24
									],
									"uv_size": [
										2,
										8
									]
								},
								"east": {
									"uv": [
										18,
										24
									],
									"uv_size": [
										2,
										8
									]
								},
								"south": {
									"uv": [
										20,
										24
									],
									"uv_size": [
										2,
										8
									]
								},
								"west": {
									"uv": [
										22,
										24
									],
									"uv_size": [
										2,
										8
									]
								},
								"up": {
									"uv": [
										36,
										36
									],
									"uv_size": [
										2,
										2
									]
								},
								"down": {
									"uv": [
										38,
										2
									],
									"uv_size": [
										2,
										-2
									]
								}
							}
						},
						{
							"origin": [
								4,
								8,
								4
							],
							"size": [
								2,
								8,
								2
							],
							"uv": {
								"north": {
									"uv": [
										24,
										24
									],
									"uv_size": [
										2,
										8
									]
								},
								"east": {
									"uv": [
										26,
										24
									],
									"uv_size": [
										2,
										8
									]
								},
								"south": {
									"uv": [
										28,
										24
									],
									"uv_size": [
										2,
										8
									]
								},
								"west": {
									"uv": [
										30,
										24
									],
									"uv_size": [
										2,
										8
									]
								},
								"up": {
									"uv": [
										38,
										2
									],
									"uv_size": [
										2,
										2
									]
								},
								"down": {
									"uv": [
										38,
										6
									],
									"uv_size": [
										2,
										-2
									]
								}
							}
						},
						{
							"origin": [
								4,
								8,
								-6
							],
							"size": [
								2,
								8,
								2
							],
							"uv": {
								"north": {
									"uv": [
										0,
										32
									],
									"uv_size": [
										2,
										8
									]
								},
								"east": {
									"uv": [
										32,
										0
									],
									"uv_size": [
										2,
										8
									]
								},
								"south": {
									"uv": [
										2,
										32
									],
									"uv_size": [
										2,
										8
									]
								},
								"west": {
									"uv": [
										4,
										32
									],
									"uv_size": [
										2,
										8
									]
								},
								"up": {
									"uv": [
										38,
										6
									],
									"uv_size": [
										2,
										2
									]
								},
								"down": {
									"uv": [
										38,
										10
									],
									"uv_size": [
										2,
										-2
									]
								}
							}
						},
						{
							"origin": [
								-6,
								8,
								-6
							],
							"size": [
								2,
								8,
								2
							],
							"uv": {
								"north": {
									"uv": [
										6,
										32
									],
									"uv_size": [
										2,
										8
									]
								},
								"east": {
									"uv": [
										8,
										32
									],
									"uv_size": [
										2,
										8
									]
								},
								"south": {
									"uv": [
										32,
										8
									],
									"uv_size": [
										2,
										8
									]
								},
								"west": {
									"uv": [
										10,
										32
									],
									"uv_size": [
										2,
										8
									]
								},
								"up": {
									"uv": [
										38,
										10
									],
									"uv_size": [
										2,
										2
									]
								},
								"down": {
									"uv": [
										12,
										40
									],
									"uv_size": [
										2,
										-2
									]
								}
							}
						},
						{
							"origin": [
								4,
								6,
								4
							],
							"size": [
								4,
								2,
								4
							],
							"uv": {
								"north": {
									"uv": [
										12,
										36
									],
									"uv_size": [
										4,
										2
									]
								},
								"east": {
									"uv": [
										16,
										36
									],
									"uv_size": [
										4,
										2
									]
								},
								"south": {
									"uv": [
										36,
										16
									],
									"uv_size": [
										4,
										2
									]
								},
								"west": {
									"uv": [
										36,
										18
									],
									"uv_size": [
										4,
										2
									]
								},
								"up": {
									"uv": [
										12,
										32
									],
									"uv_size": [
										4,
										4
									]
								},
								"down": {
									"uv": [
										16,
										36
									],
									"uv_size": [
										4,
										-4
									]
								}
							}
						},
						{
							"origin": [
								-8,
								6,
								4
							],
							"size": [
								4,
								2,
								4
							],
							"uv": {
								"north": {
									"uv": [
										20,
										36
									],
									"uv_size": [
										4,
										2
									]
								},
								"east": {
									"uv": [
										36,
										20
									],
									"uv_size": [
										4,
										2
									]
								},
								"south": {
									"uv": [
										36,
										22
									],
									"uv_size": [
										4,
										2
									]
								},
								"west": {
									"uv": [
										24,
										36
									],
									"uv_size": [
										4,
										2
									]
								},
								"up": {
									"uv": [
										32,
										16
									],
									"uv_size": [
										4,
										4
									]
								},
								"down": {
									"uv": [
										20,
										36
									],
									"uv_size": [
										4,
										-4
									]
								}
							}
						},
						{
							"origin": [
								-8,
								6,
								-8
							],
							"size": [
								4,
								2,
								4
							],
							"uv": {
								"north": {
									"uv": [
										36,
										24
									],
									"uv_size": [
										4,
										2
									]
								},
								"east": {
									"uv": [
										36,
										26
									],
									"uv_size": [
										4,
										2
									]
								},
								"south": {
									"uv": [
										28,
										36
									],
									"uv_size": [
										4,
										2
									]
								},
								"west": {
									"uv": [
										36,
										28
									],
									"uv_size": [
										4,
										2
									]
								},
								"up": {
									"uv": [
										32,
										20
									],
									"uv_size": [
										4,
										4
									]
								},
								"down": {
									"uv": [
										24,
										36
									],
									"uv_size": [
										4,
										-4
									]
								}
							}
						},
						{
							"origin": [
								4,
								6,
								-8
							],
							"size": [
								4,
								2,
								4
							],
							"uv": {
								"north": {
									"uv": [
										36,
										30
									],
									"uv_size": [
										4,
										2
									]
								},
								"east": {
									"uv": [
										32,
										36
									],
									"uv_size": [
										4,
										2
									]
								},
								"south": {
									"uv": [
										36,
										32
									],
									"uv_size": [
										4,
										2
									]
								},
								"west": {
									"uv": [
										36,
										34
									],
									"uv_size": [
										4,
										2
									]
								},
								"up": {
									"uv": [
										32,
										24
									],
									"uv_size": [
										4,
										4
									]
								},
								"down": {
									"uv": [
										28,
										36
									],
									"uv_size": [
										4,
										-4
									]
								}
							}
						},
						{
							"origin": [
								-2,
								16,
								-2
							],
							"size": [
								4,
								4,
								4
							],
							"uv": {
								"north": {
									"uv": [
										32,
										28
									],
									"uv_size": [
										4,
										4
									]
								},
								"east": {
									"uv": [
										32,
										32
									],
									"uv_size": [
										4,
										4
									]
								},
								"south": {
									"uv": [
										34,
										0
									],
									"uv_size": [
										4,
										4
									]
								},
								"west": {
									"uv": [
										34,
										4
									],
									"uv_size": [
										4,
										4
									]
								},
								"up": {
									"uv": [
										34,
										8
									],
									"uv_size": [
										4,
										4
									]
								},
								"down": {
									"uv": [
										34,
										16
									],
									"uv_size": [
										4,
										-4
									]
								}
							}
						}
					]
				},
				{
					"name": "block",
					"pivot": [
						0,
						0,
						0
					]
				}
			],
			"item_display_transforms": {
				"thirdperson_righthand": {
					"rotation": [
						0,
						0,
						0
					],
					"translation": [
						0,
						0,
						0
					],
					"scale": [
						1,
						1,
						1
					],
					"rotation_pivot": [
						0,
						0,
						0
					],
					"scale_pivot": [
						0,
						0,
						0
					]
				}
			}
		}
	]
}