{
	"format_version": "1.20.50",
	"minecraft:item": {
		"description": {
			"identifier": "locdev:cenarax_iron_helmet",
			"menu_category": {
				"category": "equipment",
				"group": "itemGroup.name.helmet"
			}
		},
		"components": {
			"minecraft:max_stack_size": 1,
			"minecraft:icon": {
				"texture": "cenarax_iron_helmet"
			},
			"minecraft:wearable": {
				"slot": "slot.armor.head",
				"protection": 4
			},
			"minecraft:enchantable": {
				"slot": "armor_head",
				"value": 9
			},
			"minecraft:durability": {
				"max_durability": 500
			},
			"minecraft:repairable": {
				"repair_items": [
					{
						"items": [
							"iron_ingot"
						],
						"repair_amount": 100
					}
				]
			}
		}
	}
}