{
	"format_version": "1.20.80",
	"minecraft:item": {
		"description": {
			"identifier": "locdev:cenarax_silver_coin",
			"menu_category": {
				"category": "items"
			}
		},
		"components": {
			"minecraft:icon": "locdev_cenarax_silver_coin",
			"minecraft:display_name": {
				"value": "Cenarax Silver Coin"
			},
			"minecraft:max_stack_size": {
				"value": 64
			},
			"minecraft:can_destroy_in_creative": true,
			"minecraft:should_despawn": {
				"value": true
			},
			"minecraft:tags": {
				"tags": [
					"locdev:coin"
				]
			}
		}
	}
}