{
	"format_version": "1.21.10",
	"minecraft:item": {
		"description": {
			"identifier": "locdev:gold_beetroot",
			"menu_category": {
				"category": "nature",
				"group": "itemGroup.name.miscFood"
			}
		},
		"components": {
			"minecraft:hand_equipped": false,
			"minecraft:max_stack_size": 64,
			"minecraft:food": {
				"saturation_modifier": 0.6,
				"nutrition": 0,
				"can_always_eat": false
			},
			"minecraft:use_modifiers": {
				"use_duration": 1.6,
				"movement_modifier": 0.35
			},
			"minecraft:custom_components": [
				"locdev_gold_beetroot:trigger"
			],
			"minecraft:allow_off_hand": false,
			"minecraft:creative_category": {
				"parent": "itemGroup.name.miscFood"
			},
			"tag:minecraft:is_food": {},
			"minecraft:use_animation": "eat",
			"minecraft:icon": "locdev:gold_beetroot",
			"minecraft:render_offsets": {
				"main_hand": {
					"third_person": {
						"scale": [
							0.1,
							0.1,
							0.1
						]
					},
					"first_person": {
						"scale": [
							0.037999999999977205,
							0.037999999999977205,
							0.037999999999977205
						]
					}
				},
				"off_hand": {
					"third_person": {
						"scale": [
							0.1,
							0.1,
							0.1
						]
					},
					"first_person": {
						"scale": [
							0.037999999999977205,
							0.037999999999977205,
							0.037999999999977205
						]
					}
				}
			}
		}
	}
}