{
	"format_version": "1.20.80",
	"minecraft:item": {
		"description": {
			"identifier": "locdev:locdev_settings",
			"menu_category": {
				"category": "commands"
			}
		},
		"components": {
			"minecraft:icon": "locdev_settings",
			"minecraft:interact_button": true,
			"minecraft:hover_text_color": "blue",
			"minecraft:display_name": {
				"value": "Legends of Cenarax Settings"
			},
			"minecraft:glint": true,
			"minecraft:max_stack_size": 1,
			"minecraft:tags": {
				"tags": [
					"locdev:admin"
				]
			}
		}
	}
}