{
	"format_version": "1.21.10",
	"minecraft:item": {
		"description": {
			"identifier": "locdev:meteor",
			"menu_category": {
				"category": "equipment",
				"group": "itemGroup.name.tools"
			}
		},
		"components": {
			"minecraft:display_name": {
				"value": "Meteor"
			},
			"minecraft:stacked_by_data": true,
			"minecraft:cooldown": {
				"category": "locdev:meteor_cooldown",
				"duration": 0.1
			},
			"minecraft:allow_off_hand": false,
			"minecraft:hand_equipped": true,
			"minecraft:use_animation": "bow",
			"minecraft:use_duration": 999999,
			"minecraft:max_stack_size": 4,
			"minecraft:icon": "locdev_meteor",
			"minecraft:render_offsets": {
				"main_hand": {
					"third_person": {
						"scale": [
							0.1,
							0.1,
							0.1
						]
					},
					"first_person": {
						"scale": [
							0.037999999999977205,
							0.037999999999977205,
							0.037999999999977205
						]
					}
				},
				"off_hand": {
					"third_person": {
						"scale": [
							0.1,
							0.1,
							0.1
						]
					},
					"first_person": {
						"scale": [
							0.037999999999977205,
							0.037999999999977205,
							0.037999999999977205
						]
					}
				}
			},
			"minecraft:projectile": {
				"projectile_entity": "locdev:meteor_bullet"
			},
			"minecraft:throwable": {
				"do_swing_animation": false,
				"launch_power_scale": 1,
				"max_draw_duration": 0,
				"max_launch_power": 1,
				"min_draw_duration": 0,
				"scale_power_by_draw_duration": false
			},
			"minecraft:custom_components": [
				"locdev_meteor:trigger"
			]
		}
	}
}