{
	"format_version": "1.20.80",
	"minecraft:item": {
		"description": {
			"identifier": "locdev:luminoushelmet",
			"menu_category": {
				"category": "equipment",
				"group": "itemGroup.name.helmet"
			}
		},
		"components": {
			"minecraft:icon": "locdev_luminoushelmet",
			"minecraft:tags": {
				"tags": [
					"minecraft:is_armor"
				]
			},
			"minecraft:glint": true,
			"minecraft:hover_text_color": "light_purple",
			"minecraft:armor": {},
			"minecraft:display_name": {
				"value": "Luminous Helmet"
			},
			"minecraft:wearable": {
				"protection": 8,
				"slot": "slot.armor.head"
			},
			"minecraft:durability": {
				"max_durability": 2100
			},
			"minecraft:enchantable": {
				"slot": "armor_head",
				"value": 12
			}
		}
	}
}