{
	"format_version": "1.20.50",
	"minecraft:item": {
		"description": {
			"identifier": "locdev:luminous_boots",
			"menu_category": {
				"category": "equipment",
				"group": "itemGroup.name.boots"
			}
		},
		"components": {
			"minecraft:max_stack_size": 1,
			"minecraft:icon": {
				"texture": "luminous_boots"
			},
			"minecraft:glint": true,
			"minecraft:display_name": {
				"value": "Luminous Boots"
			},
			"minecraft:hover_text_color": "light_purple",
			"minecraft:wearable": {
				"slot": "slot.armor.feet",
				"protection": 9
			},
			"minecraft:enchantable": {
				"slot": "armor_feet",
				"value": 12
			},
			"minecraft:durability": {
				"max_durability": 2100
			}
		}
	}
}