{
	"format_version": "1.20.80",
	"minecraft:item": {
		"description": {
			"identifier": "locdev:luminous_axe",
			"menu_category": {
				"category": "equipment",
				"group": "itemGroup.name.axe"
			}
		},
		"components": {
			"minecraft:max_stack_size": 1,
			"minecraft:hand_equipped": true,
			"minecraft:can_destroy_in_creative": false,
			"minecraft:durability": {
				"max_durability": 2000
			},
			"minecraft:display_name": {
				"value": "Luminous Axe"
			},
			"minecraft:icon": "luminous_axe",
			"minecraft:damage": 12,
			"minecraft:enchantable": {
				"value": 14,
				"slot": "sword"
			},
			"minecraft:repairable": {
				"repair_items": [
					{
						"items": [
							"locdev:luminous_axe"
						],
						"repair_amount": "context.other->query.remaining_durability+0.12*context.other->query.max_durability"
					}
				]
			},
			"minecraft:digger": {
				"use_efficiency": true,
				"destroy_speeds": [
					{
						"block": "minecraft:web",
						"speed": 15
					},
					{
						"block": "minecraft:bamboo",
						"speed": 60
					}
				]
			},
			"minecraft:tags": {
				"tags": [
					"minecraft:is_sword",
					"minecraft:is_tool"
				]
			},
			"minecraft:should_despawn": true,
			"minecraft:allow_off_hand": true,
			"minecraft:hover_text_color": "aqua"
		}
	}
}