{
	"format_version": "1.20.50",
	"minecraft:item": {
		"description": {
			"identifier": "locdev:mythril_chestplate",
			"menu_category": {
				"category": "equipment",
				"group": "itemGroup.name.chestplate"
			}
		},
		"components": {
			"minecraft:max_stack_size": 1,
			"minecraft:icon": {
				"texture": "mythril_chestplate"
			},
			"minecraft:wearable": {
				"slot": "slot.armor.chest",
				"protection": 12
			},
			"minecraft:enchantable": {
				"slot": "armor_torso",
				"value": 12
			},
			"minecraft:durability": {
				"max_durability": 2032
			},
			"minecraft:display_name": {
				"value": "Mythril Chestplate"
			}
		}
	}
}