{
	"format_version": "1.20.50",
	"minecraft:item": {
		"description": {
			"identifier": "locdev:mythril_leggings",
			"menu_category": {
				"category": "equipment",
				"group": "itemGroup.name.leggings"
			}
		},
		"components": {
			"minecraft:max_stack_size": 1,
			"minecraft:icon": {
				"texture": "mythril_leggings"
			},
			"minecraft:wearable": {
				"slot": "slot.armor.legs",
				"protection": 9
			},
			"minecraft:enchantable": {
				"slot": "armor_legs",
				"value": 12
			},
			"minecraft:durability": {
				"max_durability": 1568
			},
			"minecraft:display_name": {
				"value": "Mythril Leggings"
			}
		}
	}
}