{
	"format_version": "1.20.50",
	"minecraft:item": {
		"description": {
			"identifier": "locdev:mythril_boots",
			"menu_category": {
				"category": "equipment",
				"group": "itemGroup.name.boots"
			}
		},
		"components": {
			"minecraft:max_stack_size": 1,
			"minecraft:icon": {
				"texture": "mythril_boots"
			},
			"minecraft:wearable": {
				"slot": "slot.armor.feet",
				"protection": 5
			},
			"minecraft:enchantable": {
				"slot": "armor_feet",
				"value": 12
			},
			"minecraft:durability": {
				"max_durability": 1267
			},
			"minecraft:display_name": {
				"value": "Mythril Boots"
			}
		}
	}
}