{
	"format_version": "1.20.80",
	"minecraft:item": {
		"description": {
			"identifier": "locdev:promote_to_commander",
			"menu_category": {
				"category": "items"
			}
		},
		"components": {
			"minecraft:icon": "locdev_promote_to_commander",
			"minecraft:display_name": {
				"value": "Cenarax Royal Guard - Promote to Commander"
			},
			"minecraft:hover_text_color": "red",
			"minecraft:glint": true,
			"minecraft:max_stack_size": 1,
			"minecraft:tags": {
				"tags": [
					"locdev:promote_to_commander"
				]
			}
		}
	}
}