{
	"format_version": "1.20.50",
	"minecraft:item": {
		"description": {
			"identifier": "locdev:spellbound_crown",
			"menu_category": {
				"category": "equipment",
				"group": "itemGroup.name.helmet"
			}
		},
		"components": {
			"minecraft:max_stack_size": 1,
			"minecraft:icon": {
				"texture": "spellbound_crown"
			},
			"minecraft:wearable": {
				"slot": "slot.armor.head",
				"protection": 8
			},
			"minecraft:enchantable": {
				"slot": "armor_head",
				"value": 30
			},
			"minecraft:durability": {
				"max_durability": 3032
			}
		}
	}
}