{
	"format_version": "1.20.50",
	"minecraft:item": {
		"description": {
			"identifier": "locdev:zombie_summoning_staff",
			"menu_category": {
				"category": "equipment",
				"group": "itemGroup.name.sword"
			}
		},
		"components": {
			"minecraft:max_stack_size": 1,
			"minecraft:icon": {
				"texture": "zombie_summoning_staff"
			},
			"minecraft:display_name": {
				"value": "Zombie Summoning Staff"
			},
			"minecraft:glint": true,
			"minecraft:damage": 8,
			"minecraft:can_destroy_in_creative": false,
			"minecraft:enchantable": {
				"slot": "sword",
				"value": 1
			},
			"minecraft:durability": {
				"max_durability": 900
			}
		}
	}
}