{
	"format_version": "1.20.80",
	"minecraft:client_entity": {
		"description": {
			"identifier": "locdev:haunt",
			"materials": {
				"default": "entity_alphatest"
			},
			"textures": {
				"default": "textures/entity/haunt"
			},
			"geometry": {
				"default": "geometry.haunt"
			},
			"render_controllers": [
				"controller.render.haunt"
			],
			"hide_armor": true,
			"particle_emitters": {
				"juggernaut_ambient": "locdev:juggernaut_ambient"
			},
			"enable_attachables": false,
			"held_item_ignores_lighting": true,
			"particle_effects": {
				"juggernaut_ambient": "locdev:juggernaut_ambient"
			},
			"spawn_egg": {
				"base_color": "#251F50",
				"overlay_color": "#2A13C1"
			}
		}
	}
}