{
	"format_version": "1.8.0",
	"minecraft:client_entity": {
		"description": {
			"identifier": "locdev:merchant",
			"materials": {
				"default": "wandering_trader"
			},
			"textures": {
				"default": "textures/entity/pamobile/locdev_merchant"
			},
			"geometry": {
				"default": "geometry.locdev_merchant"
			},
			"scripts": {
				"scale": "0.9375"
			},
			"animations": {
				"general": "animation.villager.general",
				"look_at_target": "animation.common.look_at_target",
				"raise_arms": "animation.villager.raise_arms",
				"move": "animation.villager.move"
			},
			"animation_controllers": [
				{
					"general": "controller.animation.villager.general"
				},
				{
					"raise_arms": "controller.animation.villager_v2.raise_arms"
				},
				{
					"move": "controller.animation.villager.move"
				}
			],
			"render_controllers": [
				"controller.render.wandering_trader"
			],
			"spawn_egg": {
				"base_color": "#B6E0E6",
				"overlay_color": "#FFFFFF"
			}
		}
	}
}