{
	"format_version": "1.10.0",
	"minecraft:client_entity": {
		"description": {
			"identifier": "locdev:meteor_bullet",
			"materials": {
				"default": "snowball"
			},
			"textures": {
				"default": "textures/entity/pamobile/locdev_meteor_bullet"
			},
			"geometry": {
				"default": "geometry.pabullet"
			},
			"scripts": {
				"animate": [
					"move"
				]
			},
			"animations": {
				"move": "animation.pabullet.move"
			},
			"render_controllers": [
				"controller.render.default"
			]
		}
	}
}