{
	"format_version": "1.10.0",
	"minecraft:client_entity": {
		"description": {
			"identifier": "locdev:mythril_golem",
			"enable_attachables": false,
			"materials": {
				"default": "entity_alphatest"
			},
			"textures": {
				"default": "textures/entity/mythril_golem"
			},
			"geometry": {
				"default": "geometry.mythril_golem"
			},
			"render_controllers": [
				"controller.render.default"
			],
			"animations": {
				"walk": "animation.mythril_golem.walk_v2",
				"attack": "animation.mythril_golem.attack_v2",
				"idle": "animation.mythril_golem.idle",
				"controller": "controller.animation.mythril_golem"
			},
			"hide_armor": true,
			"scripts": {
				"animate": [
					"controller"
				]
			},
			"spawn_egg": {
				"base_color": "#000000",
				"overlay_color": "#878787"
			}
		}
	}
}