{
    "format_version": "1.21.20",
    "minecraft:template_pool": {
        "description": {
            "identifier": "locdev:frozen_fortress/fallback"
        },
        "elements": [
            {
                "element": {
                    "element_type": "minecraft:single_pool_element",
                    "location": "frozen_fortress/small_tunnels/small_tunnel_fallback",
                    "processors": "locdev:frozen_fortress"
                },
                "projection": "rigid",
                "weight": 1
            }
        ]
    }
}