{
	"format_version": "1.21.20",
	"minecraft:template_pool": {
		"description": {
			"identifier": "locdev:frozen_fortress/small_tunnels"
		},
		"fallback": "locdev:frozen_fortress/fallback",
		"elements": [
			{
				"element": {
					"element_type": "minecraft:single_pool_element",
					"location": "frozen_fortress/small_tunnels/small_tunnel_ice0",
					"processors": "locdev:frozen_fortress"
				},
				"projection": "rigid",
				"weight": 7
			},
			{
				"element": {
					"element_type": "minecraft:single_pool_element",
					"location": "frozen_fortress/small_tunnels/small_tunnel_ice1",
					"processors": "locdev:frozen_fortress"
				},
				"projection": "rigid",
				"weight": 8
			},
			{
				"element": {
					"element_type": "minecraft:single_pool_element",
					"location": "frozen_fortress/small_tunnels/small_tunnel_ice2",
					"processors": "locdev:frozen_fortress"
				},
				"projection": "rigid",
				"weight": 8
			},
			{
				"element": {
					"element_type": "minecraft:single_pool_element",
					"location": "frozen_fortress/small_tunnels/small_tunnel_ice3",
					"processors": "locdev:frozen_fortress"
				},
				"projection": "rigid",
				"weight": 8
			},
			{
				"element": {
					"element_type": "minecraft:single_pool_element",
					"location": "frozen_fortress/small_tunnels/small_tunnel_trap1",
					"processors": "locdev:frozen_fortress"
				},
				"projection": "rigid",
				"weight": 9
			},
			{
				"element": {
					"element_type": "minecraft:single_pool_element",
					"location": "frozen_fortress/small_tunnels/small_tunnel_trap2",
					"processors": "locdev:frozen_fortress"
				},
				"projection": "rigid",
				"weight": 9
			},
			{
				"element": {
					"element_type": "minecraft:single_pool_element",
					"location": "frozen_fortress/small_tunnels/small_stairwell1",
					"processors": "locdev:frozen_fortress"
				},
				"projection": "rigid",
				"weight": 8
			},
			{
				"element": {
					"element_type": "minecraft:single_pool_element",
					"location": "frozen_fortress/small_tunnels/small_junction1",
					"processors": "locdev:frozen_fortress"
				},
				"projection": "rigid",
				"weight": 9
			}
		]
	}
}