{
	"format_version": "1.10.0",
	"minecraft:attachable": {
		"description": {
			"identifier": "locdev:mythril_helmet_black",
			"render_controllers": [
				"controller.render.armor"
			],
			"materials": {
				"default": "entity_alphatest",
				"enchanted": "entity_alphatest_glint"
			},
			"textures": {
				"default": "textures/entity/attachable/mythril_helmet_varied/mythril_helmet_black",
				"enchanted": "textures/misc/enchanted_item_glint"
			},
			"geometry": {
				"default": "geometry.mythril_helmet"
			}
		}
	}
}