{
	"format_version": "1.10.0",
	"minecraft:attachable": {
		"description": {
			"identifier": "locdev:iron_scythe",
			"render_controllers": [
				"controller.render.item_default"
			],
			"materials": {
				"default": "entity_alphatest_glint",
				"enchanted": "entity_alphatest_glint"
			},
			"textures": {
				"default": "textures/entity/attachable/scythe/iron_scythe",
				"enchanted": "textures/misc/enchanted_item_glint"
			},
			"geometry": {
				"default": "geometry.scythe"
			},
			"animations": {
				"first_person_hold": "animation.scythe.first_person_hold",
				"third_person_hold": "animation.scythe.third_person_hold"
			},
			"scripts": {
				"animate": [
					{
						"first_person_hold": "c.is_first_person"
					},
					{
						"third_person_hold": "!c.is_first_person"
					}
				]
			}
		}
	}
}