{
  "tiers": [
    {
      "total_exp_required": 5,
      "groups": [
        {
          "trades": [
            {
              "wants": [
                {
                  "item": "minecraft:gold_ingot",
                  "quantity": 1
                }
              ],
              "gives": [
                {
                  "item": "minecraft:emerald",
                  "quantity": 1,
                  "functions": [
                    {
                      "function": "set_data",
                      "data": {
                        "min": 0,
                        "max": 0
                      }
                    }
                  ]
                }
              ],
              "trader_exp": 1,
              "max_uses": -1,
              "reward_exp": true
            },
            {
              "wants": [
                {
                  "item": "minecraft:gold_ingot",
                  "quantity": 7
                }
              ],
              "gives": [
                {
                  "item": "locdev:gold_beetroot",
                  "quantity": 2
                }
              ],
              "trader_exp": 1,
              "max_uses": -1,
              "reward_exp": true
            },
            {
              "wants": [
                {
                  "item": "minecraft:gold_ingot",
                  "quantity": 1
                }
              ],
              "gives": [
                {
                  "item": "minecraft:amethyst_shard",
                  "quantity": 4,
                  "functions": [
                    {
                      "function": "set_data",
                      "data": {
                        "min": 0,
                        "max": 0
                      }
                    }
                  ]
                }
              ],
              "trader_exp": 1,
              "max_uses": -1,
              "reward_exp": true
            }
          ],
          "num_to_select": 3
        },
        {
          "trades": [
            {
              "wants": [
                {
                  "item": "minecraft:gold_ingot",
                  "quantity": 2
                }
              ],
              "gives": [
                {
                  "item": "minecraft:amethyst_cluster",
                  "quantity": 2,
                  "functions": [
                    {
                      "function": "set_data",
                      "data": {
                        "min": 0,
                        "max": 0
                      }
                    }
                  ]
                }
              ],
              "trader_exp": 1,
              "max_uses": -1,
              "reward_exp": true
            },
            {
              "wants": [
                {
                  "item": "minecraft:gold_ingot",
                  "quantity": 2
                }
              ],
              "gives": [
                {
                  "item": "minecraft:large_amethyst_bud",
                  "quantity": 2,
                  "functions": [
                    {
                      "function": "set_data",
                      "data": {
                        "min": 0,
                        "max": 0
                      }
                    }
                  ]
                }
              ],
              "trader_exp": 1,
              "max_uses": -1,
              "reward_exp": true
            },
            {
              "wants": [
                {
                  "item": "minecraft:gold_ingot",
                  "quantity": 2
                }
              ],
              "gives": [
                {
                  "item": "minecraft:medium_amethyst_bud",
                  "quantity": 2,
                  "functions": [
                    {
                      "function": "set_data",
                      "data": {
                        "min": 0,
                        "max": 0
                      }
                    }
                  ]
                }
              ],
              "trader_exp": 1,
              "max_uses": -1,
              "reward_exp": true
            },
            {
              "wants": [
                {
                  "item": "minecraft:gold_ingot",
                  "quantity": 2
                }
              ],
              "gives": [
                {
                  "item": "minecraft:small_amethyst_bud",
                  "quantity": 2,
                  "functions": [
                    {
                      "function": "set_data",
                      "data": {
                        "min": 0,
                        "max": 0
                      }
                    }
                  ]
                }
              ],
              "trader_exp": 1,
              "max_uses": -1,
              "reward_exp": true
            }
          ],
          "num_to_select": 4
        },
        {
          "num_to_select": 1,
          "trades": [
            {
              "wants": [
                {
                  "item": "minecraft:gold_ingot",
                  "quantity": 1
                }
              ],
              "gives": [
                {
                  "item": "minecraft:iron_ingot",
                  "quantity": 2,
                  "functions": [
                    {
                      "function": "set_data",
                      "data": {
                        "min": 0,
                        "max": 0
                      }
                    }
                  ]
                }
              ],
              "trader_exp": 1,
              "max_uses": -1,
              "reward_exp": true
            }
          ]
        }
      ]
    },
    {
      "total_exp_required": 0,
      "groups": [
        {
          "trades": [
            {
              "wants": [
                {
                  "item": "minecraft:gold_ingot",
                  "quantity": 1
                }
              ],
              "gives": [
                {
                  "item": "minecraft:cherry_sapling",
                  "quantity": 4,
                  "functions": [
                    {
                      "function": "set_data",
                      "data": {
                        "min": 0,
                        "max": 0
                      }
                    }
                  ]
                }
              ],
              "trader_exp": 1,
              "max_uses": -1,
              "reward_exp": true
            },
            {
              "wants": [
                {
                  "item": "minecraft:gold_ingot",
                  "quantity": 1
                }
              ],
              "gives": [
                {
                  "item": "minecraft:mangrove_propagule",
                  "quantity": 4,
                  "functions": [
                    {
                      "function": "set_data",
                      "data": {
                        "min": 0,
                        "max": 0
                      }
                    }
                  ]
                }
              ],
              "trader_exp": 1,
              "max_uses": -1,
              "reward_exp": true
            },
            {
              "wants": [
                {
                  "item": "minecraft:gold_ingot",
                  "quantity": 1
                }
              ],
              "gives": [
                {
                  "item": "minecraft:pumpkin",
                  "quantity": 16,
                  "functions": [
                    {
                      "function": "set_data",
                      "data": {
                        "min": 0,
                        "max": 0
                      }
                    }
                  ]
                }
              ],
              "trader_exp": 1,
              "max_uses": -1,
              "reward_exp": true
            },
            {
              "wants": [
                {
                  "item": "minecraft:gold_ingot",
                  "quantity": 1
                }
              ],
              "gives": [
                {
                  "item": "minecraft:melon_block",
                  "quantity": 16,
                  "functions": [
                    {
                      "function": "set_data",
                      "data": {
                        "min": 0,
                        "max": 0
                      }
                    }
                  ]
                }
              ],
              "trader_exp": 1,
              "max_uses": -1,
              "reward_exp": true
            },
            {
              "wants": [
                {
                  "item": "minecraft:gold_ingot",
                  "quantity": 12
                }
              ],
              "gives": [
                {
                  "item": "minecraft:axolotl_bucket",
                  "quantity": 1,
                  "functions": [
                    {
                      "function": "set_data",
                      "data": {
                        "min": 0,
                        "max": 0
                      }
                    }
                  ]
                }
              ],
              "trader_exp": 1,
              "max_uses": -1,
              "reward_exp": true
            },
            {
              "wants": [
                {
                  "item": "minecraft:gold_ingot",
                  "quantity": 1
                }
              ],
              "gives": [
                {
                  "item": "minecraft:cake",
                  "quantity": 1,
                  "functions": [
                    {
                      "function": "set_data",
                      "data": {
                        "min": 0,
                        "max": 0
                      }
                    }
                  ]
                }
              ],
              "trader_exp": 1,
              "max_uses": -1,
              "reward_exp": true
            }
          ],
          "num_to_select": 6
        },
        {
          "trades": [
            {
              "wants": [
                {
                  "item": "minecraft:gold_ingot",
                  "quantity": 3
                }
              ],
              "gives": [
                {
                  "item": "minecraft:chainmail_helmet",
                  "quantity": 1,
                  "functions": [
                    {
                      "function": "set_data",
                      "data": {
                        "min": 0,
                        "max": 0
                      }
                    },
                    {
                      "function": "specific_enchants",
                      "enchants": [
                        {
                          "id": "unbreaking",
                          "level": "1"
                        }
                      ]
                    }
                  ]
                }
              ],
              "trader_exp": 1,
              "max_uses": -1,
              "reward_exp": true
            },
            {
              "wants": [
                {
                  "item": "minecraft:gold_ingot",
                  "quantity": 4
                }
              ],
              "gives": [
                {
                  "item": "minecraft:chainmail_chestplate",
                  "quantity": 1,
                  "functions": [
                    {
                      "function": "set_data",
                      "data": {
                        "min": 0,
                        "max": 0
                      }
                    },
                    {
                      "function": "specific_enchants",
                      "enchants": [
                        {
                          "id": "unbreaking",
                          "level": "1"
                        }
                      ]
                    }
                  ]
                }
              ],
              "trader_exp": 1,
              "max_uses": -1,
              "reward_exp": true
            },
            {
              "wants": [
                {
                  "item": "minecraft:gold_ingot",
                  "quantity": 4
                }
              ],
              "gives": [
                {
                  "item": "minecraft:chainmail_leggings",
                  "quantity": 1,
                  "functions": [
                    {
                      "function": "set_data",
                      "data": {
                        "min": 0,
                        "max": 0
                      }
                    },
                    {
                      "function": "specific_enchants",
                      "enchants": [
                        {
                          "id": "unbreaking",
                          "level": "1"
                        }
                      ]
                    }
                  ]
                }
              ],
              "trader_exp": 1,
              "max_uses": -1,
              "reward_exp": true
            },
            {
              "wants": [
                {
                  "item": "minecraft:gold_ingot",
                  "quantity": 3
                }
              ],
              "gives": [
                {
                  "item": "minecraft:chainmail_boots",
                  "quantity": 1,
                  "functions": [
                    {
                      "function": "set_data",
                      "data": {
                        "min": 0,
                        "max": 0
                      }
                    },
                    {
                      "function": "specific_enchants",
                      "enchants": [
                        {
                          "id": "unbreaking",
                          "level": "1"
                        }
                      ]
                    }
                  ]
                }
              ],
              "trader_exp": 1,
              "max_uses": -1,
              "reward_exp": true
            }
          ],
          "num_to_select": 2
        },
        {
          "trades": [
            {
              "wants": [
                {
                  "item": "minecraft:gold_ingot",
                  "quantity": 1
                }
              ],
              "gives": [
                {
                  "item": "minecraft:emerald",
                  "quantity": 3
                }
              ],
              "trader_exp": 1,
              "max_uses": -1,
              "reward_exp": true
            },
            {
              "wants": [
                {
                  "item": "minecraft:emerald",
                  "quantity": 4
                }
              ],
              "gives": [
                {
                  "item": "minecraft:iron_sword",
                  "quantity": 1,
                  "functions": [
                    {
                      "function": "set_lore",
                      "lore": [
                        "A sword issued to old guards of Cenarax"
                      ]
                    },
                    {
                      "function": "specific_enchants",
                      "enchants": [
                        {
                          "id": "sharpness",
                          "level": "2"
                        },
                        {
                          "id": "unbreaking",
                          "level": "2"
                        },
                        {
                          "id": "fire_aspect",
                          "level": "1"
                        },
                        {
                          "id": "mending",
                          "level": "1"
                        }
                      ]
                    }
                  ]
                }
              ],
              "trader_exp": 1,
              "max_uses": -1,
              "reward_exp": true
            },
            {
              "wants": [
                {
                  "item": "minecraft:emerald",
                  "quantity": 6
                }
              ],
              "gives": [
                {
                  "item": "minecraft:iron_pickaxe",
                  "quantity": 1,
                  "functions": [
                    {
                      "function": "set_lore",
                      "lore": [
                        "A dwarf pickaxe from the mines of Cenarax"
                      ]
                    },
                    {
                      "function": "specific_enchants",
                      "enchants": [
                        {
                          "id": "unbreaking",
                          "level": "2"
                        },
                        {
                          "id": "efficiency",
                          "level": "2"
                        },
                        {
                          "id": "fortune",
                          "level": "1"
                        }
                      ]
                    }
                  ],
                  "price_multiplier": 2
                }
              ],
              "trader_exp": 1,
              "max_uses": -1,
              "reward_exp": true
            }
          ],
          "num_to_select": 2
        }
      ]
    },
    {
      "total_exp_required": 0,
      "groups": [
        {
          "num_to_select": 1,
          "trades": [
            {
              "wants": [
                {
                  "item": "minecraft:gold_ingot",
                  "quantity": 3
                }
              ],
              "gives": [
                {
                  "item": "minecraft:diamond",
                  "quantity": 1,
                  "functions": [
                    {
                      "function": "set_data",
                      "data": {
                        "min": 0,
                        "max": 0
                      }
                    }
                  ]
                }
              ],
              "trader_exp": 1,
              "max_uses": -1,
              "reward_exp": true
            }
          ]
        },
        {
          "trades": [
            {
              "wants": [
                {
                  "item": "minecraft:gold_block",
                  "quantity": 1
                }
              ],
              "gives": [
                {
                  "item": "minecraft:lingering_potion",
                  "quantity": 1,
                  "functions": [
                    {
                      "function": "set_name",
                      "name": "Potion from the Void"
                    }
                  ],
                  "price_multiplier": 2
                }
              ],
              "trader_exp": 1,
              "max_uses": -1,
              "reward_exp": true
            },
            {
              "wants": [
                {
                  "item": "minecraft:gold_block",
                  "quantity": 1
                }
              ],
              "gives": [
                {
                  "item": "minecraft:lingering_potion",
                  "quantity": 1,
                  "functions": [
                    {
                      "function": "set_data",
                      "data": {
                        "min": 35,
                        "max": 35
                      }
                    }
                  ]
                }
              ],
              "trader_exp": 1,
              "max_uses": -1,
              "reward_exp": true
            },
            {
              "wants": [
                {
                  "item": "minecraft:gold_block",
                  "quantity": 1
                }
              ],
              "gives": [
                {
                  "item": "minecraft:lingering_potion",
                  "quantity": 1,
                  "functions": [
                    {
                      "function": "set_data",
                      "data": {
                        "min": 24,
                        "max": 24
                      }
                    }
                  ]
                }
              ],
              "trader_exp": 1,
              "max_uses": -1,
              "reward_exp": true
            },
            {
              "wants": [
                {
                  "item": "minecraft:gold_block",
                  "quantity": 1
                }
              ],
              "gives": [
                {
                  "item": "minecraft:lingering_potion",
                  "quantity": 1,
                  "functions": [
                    {
                      "function": "set_data",
                      "data": {
                        "min": 42,
                        "max": 42
                      }
                    }
                  ]
                }
              ],
              "trader_exp": 1,
              "max_uses": -1,
              "reward_exp": true
            },
            {
              "wants": [
                {
                  "item": "minecraft:gold_block",
                  "quantity": 1
                }
              ],
              "gives": [
                {
                  "item": "minecraft:lingering_potion",
                  "quantity": 1,
                  "functions": [
                    {
                      "function": "set_data",
                      "data": {
                        "min": 22,
                        "max": 22
                      }
                    }
                  ]
                }
              ],
              "trader_exp": 1,
              "max_uses": -1,
              "reward_exp": true
            }
          ],
          "num_to_select": 2
        },
        {
          "num_to_select": 1,
          "trades": [
            {
              "wants": [
                {
                  "item": "minecraft:gold_block",
                  "quantity": 1
                }
              ],
              "gives": [
                {
                  "item": "minecraft:arrow",
                  "quantity": 16,
                  "functions": [
                    {
                      "function": "set_data",
                      "data": {
                        "min": 25,
                        "max": 25
                      }
                    }
                  ]
                }
              ],
              "trader_exp": 1,
              "max_uses": -1,
              "reward_exp": true
            },
            {
              "wants": [
                {
                  "item": "minecraft:gold_block",
                  "quantity": 1
                }
              ],
              "gives": [
                {
                  "item": "minecraft:arrow",
                  "quantity": 16,
                  "functions": [
                    {
                      "function": "set_data",
                      "data": {
                        "min": 28,
                        "max": 28
                      }
                    }
                  ]
                }
              ],
              "trader_exp": 1,
              "max_uses": -1,
              "reward_exp": true
            },
            {
              "wants": [
                {
                  "item": "minecraft:gold_block",
                  "quantity": 1
                }
              ],
              "gives": [
                {
                  "item": "minecraft:arrow",
                  "quantity": 16,
                  "functions": [
                    {
                      "function": "set_data",
                      "data": {
                        "min": 37,
                        "max": 37
                      }
                    }
                  ]
                }
              ],
              "trader_exp": 1,
              "max_uses": -1,
              "reward_exp": true
            },
            {
              "wants": [
                {
                  "item": "minecraft:gold_block",
                  "quantity": 1
                }
              ],
              "gives": [
                {
                  "item": "minecraft:arrow",
                  "quantity": 16,
                  "functions": [
                    {
                      "function": "set_data",
                      "data": {
                        "min": 19,
                        "max": 19
                      }
                    }
                  ]
                }
              ],
              "trader_exp": 1,
              "max_uses": -1,
              "reward_exp": true
            }
          ]
        }
      ]
    }
  ]
}