{
	"format_version": "1.13.0",
	"minecraft:entity": {
		"description": {
			"identifier": "locdev:cenarax_patrol_plains",
			"is_spawnable": false,
			"is_summonable": true,
			"is_experimental": false
		},
		"component_groups": {
			"locdev:despawn": {
				"minecraft:instant_despawn": {
					"remove_child_entities": false
				}
			}
		},
		"components": {
			"minecraft:spawn_entity": {
				"entities": [
					{
						"min_wait_time": 0,
						"max_wait_time": 1,
						"num_to_spawn": 1,
						"single_use": true,
						"spawn_entity": "locdev:cenarax_royal_guard<minecraft:entity_spawned>"
					},
					{
						"min_wait_time": 0,
						"max_wait_time": 1,
						"num_to_spawn": 2,
						"single_use": true,
						"spawn_entity": "locdev:war_boar"
					},
					{
						"min_wait_time": 0,
						"max_wait_time": 1,
						"num_to_spawn": 3,
						"single_use": true,
						"spawn_entity": "locdev:random_placer_crossbow_footsoldier"
					},
					{
						"min_wait_time": 0,
						"max_wait_time": 1,
						"num_to_spawn": 3,
						"single_use": true,
						"spawn_entity": "locdev:random_placer_ranged_footsoldier"
					},
					{
						"min_wait_time": 0,
						"max_wait_time": 1,
						"num_to_spawn": 5,
						"single_use": true,
						"spawn_entity": "locdev:random_placer_melee_footsoldier"
					}
				]
			},
			"minecraft:physics": {
				"has_collision": false,
				"has_gravity": true
			},
			"minecraft:timer": {
				"looping": true,
				"time": 10,
				"time_down_event": {
					"event": "locdev:despawn"
				}
			}
		},
		"events": {
			"minecraft:entity_spawned": {
				"queue_command": {
					"command": "title @a[r=30] actionbar §l§dPatrol deployed"
				}
			},
			"locdev:despawn": {
				"add": {
					"component_groups": [
						"locdev:despawn"
					]
				}
			}
		}
	}
}