{
	"pools": [
		{
			"rolls": 3,
			"entries": [
				{
					"type": "item",
					"name": "minecraft:chainmail_boots",
					"weight": 40,
					"functions": [
						{
							"function": "set_count",
							"count": {
								"min": 1,
								"max": 1
							}
						},
						{
							"function": "enchant_random_gear",
							"chance": 0.6
						}
					]
				},
				{
					"type": "item",
					"name": "minecraft:chainmail_leggings",
					"weight": 40,
					"functions": [
						{
							"function": "set_count",
							"count": {
								"min": 1,
								"max": 1
							}
						},
						{
							"function": "enchant_random_gear",
							"chance": 0.6
						}
					]
				},
				{
					"type": "item",
					"name": "minecraft:chainmail_chestplate",
					"weight": 40,
					"functions": [
						{
							"function": "set_count",
							"count": {
								"min": 1,
								"max": 1
							}
						},
						{
							"function": "enchant_random_gear",
							"chance": 0.6
						}
					]
				},
				{
					"type": "item",
					"name": "minecraft:chainmail_helmet",
					"weight": 40,
					"functions": [
						{
							"function": "set_count",
							"count": {
								"min": 1,
								"max": 1
							}
						},
						{
							"function": "enchant_random_gear",
							"chance": 0.6
						}
					]
				},
				{
					"type": "item",
					"name": "minecraft:iron_sword",
					"weight": 40,
					"functions": [
						{
							"function": "enchant_random_gear",
							"chance": 0.6
						}
					]
				},
				{
					"type": "item",
					"name": "minecraft:iron_ingot",
					"weight": 90,
					"functions": [
						{
							"function": "set_count",
							"count": {
								"min": 2,
								"max": 10
							}
						}
					]
				},
				{
					"type": "item",
					"name": "minecraft:diamond",
					"weight": 80,
					"functions": [
						{
							"function": "set_count",
							"count": {
								"min": 2,
								"max": 3
							}
						}
					]
				},
				{
					"type": "item",
					"name": "locdev:cenarax_silver_coin",
					"weight": 85,
					"functions": [
						{
							"function": "set_count",
							"count": {
								"min": 8,
								"max": 14
							}
						}
					]
				},
				{
					"type": "item",
					"name": "locdev:cenarax_coin",
					"weight": 75,
					"functions": [
						{
							"function": "set_count",
							"count": {
								"min": 3,
								"max": 6
							}
						}
					]
				},
				{
					"type": "item",
					"name": "locdev:cenarax_diamond_coin",
					"weight": 55,
					"functions": [
						{
							"function": "set_count",
							"count": {
								"min": 1,
								"max": 1
							}
						}
					]
				}
			]
		}
	]
}