{
    "pools": [
        {
            "rolls": 8,
            "entries": [
                {
                    "type": "item",
                    "name": "minecraft:diamond",
                    "weight": 3,
                    "functions": [
                        {
                            "function": "set_count",
                            "count": {
                                "max": 15,
                                "min": 5
                            }
                        }
                    ]
                },
                {
                    "type": "item",
                    "name": "minecraft:gold_ingot",
                    "weight": 4,
                    "functions": [
                        {
                            "function": "set_count",
                            "count": {
                                "max": 20,
                                "min": 10
                            }
                        }
                    ]
                },
                {
                    "type": "item",
                    "name": "minecraft:emerald",
                    "weight": 5,
                    "functions": [
                        {
                            "function": "set_count",
                            "count": {
                                "max": 30,
                                "min": 10
                            }
                        }
                    ]
                },
                {
                    "type": "item",
                    "name": "minecraft:netherite_ingot",
                    "weight": 1,
                    "functions": [
                        {
                            "function": "set_count",
                            "count": {
                                "max": 1,
                                "min": 1
                            }
                        }
                    ]
                },
                {
                    "type": "item",
                    "name": "minecraft:diamond_helmet",
                    "weight": 1,
                    "functions": [
                        {
                            "function": "set_count",
                            "count": {
                                "max": 1,
                                "min": 1
                            }
                        },
                        {
                            "function": "enchant_random_gear",
                            "chance": 0.6
                        }
                    ]
                },
                {
                    "type": "item",
                    "name": "minecraft:diamond_chestplate",
                    "weight": 1,
                    "functions": [
                        {
                            "function": "set_count",
                            "count": {
                                "max": 1,
                                "min": 1
                            }
                        },
                        {
                            "function": "enchant_random_gear",
                            "chance": 0.6
                        }
                    ]
                },
                {
                    "type": "item",
                    "name": "minecraft:diamond_leggings",
                    "weight": 1,
                    "functions": [
                        {
                            "function": "set_count",
                            "count": {
                                "max": 1,
                                "min": 1
                            }
                        },
                        {
                            "function": "enchant_random_gear",
                            "chance": 0.6
                        }
                    ]
                },
                {
                    "type": "item",
                    "name": "minecraft:diamond_boots",
                    "weight": 1,
                    "functions": [
                        {
                            "function": "set_count",
                            "count": {
                                "max": 1,
                                "min": 1
                            }
                        },
                        {
                            "function": "enchant_random_gear",
                            "chance": 0.6
                        }
                    ]
                },
                {
                    "type": "item",
                    "name": "minecraft:diamond_sword",
                    "weight": 2,
                    "functions": [
                        {
                            "function": "enchant_random_gear",
                            "chance": 0.6
                        }
                    ]
                },
                {
                    "type": "item",
                    "name": "locdev:cenarax_silver_coin",
                    "weight": 5,
                    "functions": [
                        {
                            "function": "set_count",
                            "count": {
                                "min": 20,
                                "max": 32
                            }
                        }
                    ]
                },
                {
                    "type": "item",
                    "name": "locdev:cenarax_coin",
                    "weight": 4,
                    "functions": [
                        {
                            "function": "set_count",
                            "count": {
                                "min": 16,
                                "max": 22
                            }
                        }
                    ]
                },
                {
                    "type": "item",
                    "name": "locdev:cenarax_diamond_coin",
                    "weight": 3,
                    "functions": [
                        {
                            "function": "set_count",
                            "count": {
                                "min": 1,
                                "max": 4
                            }
                        }
                    ]
                }
            ]
        }
    ]
}