{
    "pools": [
        {
            "rolls": 1,
            "entries": [
                {
                    "type": "item",
                    "name": "minecraft:map",
                    "functions": [
                        {
                            "function": "exploration_map",
                            "destination": "locdev:cenarax_stronghold"
                        },
                        {
                            "function": "set_lore",
                            "lore": [
                                "Cenarax Stronghold map"
                            ]
                        },
                        {
                            "function": "set_name",
                            "name": "Cenarax Stronghold Map"
                        }
                    ]
                }
            ]
        },
        {
            "rolls": 1,
            "entries": [
                {
                    "type": "item",
                    "name": "minecraft:map",
                    "functions": [
                        {
                            "function": "exploration_map",
                            "destination": "locdev:forbidden_fortress"
                        },
                        {
                            "function": "set_lore",
                            "lore": [
                                "Forbidden Fortress map"
                            ]
                        },
                        {
                            "function": "set_name",
                            "name": "Forbidden Fortress Map"
                        }
                    ]
                }
            ]
        },
        {
            "rolls": 1,
            "entries": [
                {
                    "type": "item",
                    "name": "minecraft:map",
                    "functions": [
                        {
                            "function": "exploration_map",
                            "destination": "locdev:graveyard"
                        },
                        {
                            "function": "set_lore",
                            "lore": [
                                "Graveyard map"
                            ]
                        },
                        {
                            "function": "set_name",
                            "name": "Graveyard Map"
                        }
                    ]
                }
            ]
        },
        {
            "rolls": 1,
            "entries": [
                {
                    "type": "item",
                    "name": "minecraft:map",
                    "functions": [
                        {
                            "function": "exploration_map",
                            "destination": "locdev:highlands_tower"
                        },
                        {
                            "function": "set_lore",
                            "lore": [
                                "Highlands Tower map"
                            ]
                        },
                        {
                            "function": "set_name",
                            "name": "Highlands Tower Map"
                        }
                    ]
                }
            ]
        },
        {
            "rolls": 1,
            "entries": [
                {
                    "type": "item",
                    "name": "minecraft:chest",
                    "functions": [
                        {
                            "function": "fill_container",
                            "loot_table": "loot_tables/chests/high_tier_loot.json"
                        }
                    ]
                }
            ]
        },
        {
            "rolls": 1,
            "entries": [
                {
                    "type": "item",
                    "name": "chest",
                    "functions": [
                        {
                            "function": "fill_container",
                            "loot_table": "loot_tables/chests/low_tier_loot.json"
                        }
                    ]
                }
            ]
        }
    ]
}