{
	"pools": [
		{
			"rolls": 1,
			"entries": [
				{
					"type": "item",
					"weight": 1,
					"name": "minecraft:diamond_helmet",
					"functions": [
						{
							"function": "set_count",
							"count": {
								"min": 1,
								"max": 1
							}
						},
						{
							"function": "enchant_randomly",
							"enchantments": []
						}
					],
					"data": "0"
				}
			]
		},
		{
			"rolls": 1,
			"entries": [
				{
					"type": "item",
					"weight": 1,
					"name": "minecraft:diamond_chestplate",
					"functions": [
						{
							"function": "set_count",
							"count": {
								"min": 1,
								"max": 1
							}
						},
						{
							"function": "enchant_randomly",
							"enchantments": []
						}
					],
					"data": "0"
				}
			]
		},
		{
			"rolls": 1,
			"entries": [
				{
					"type": "item",
					"weight": 1,
					"name": "minecraft:diamond_leggings",
					"functions": [
						{
							"function": "set_count",
							"count": {
								"min": 1,
								"max": 1
							}
						},
						{
							"function": "enchant_randomly",
							"enchantments": []
						}
					],
					"data": "0"
				}
			]
		},
		{
			"rolls": 1,
			"entries": [
				{
					"type": "item",
					"weight": 1,
					"name": "minecraft:diamond_boots",
					"functions": [
						{
							"function": "set_count",
							"count": {
								"min": 1,
								"max": 1
							}
						},
						{
							"function": "enchant_randomly",
							"enchantments": []
						}
					],
					"data": "0"
				}
			]
		},
		{
			"rolls": 1,
			"entries": [
				{
					"type": "item",
					"weight": 1,
					"name": "minecraft:diamond_axe",
					"functions": [
						{
							"function": "set_count",
							"count": {
								"min": 1,
								"max": 1
							}
						},
						{
							"function": "enchant_randomly",
							"enchantments": []
						}
					]
				},
				{
					"type": "item",
					"weight": 1,
					"name": "minecraft:diamond_sword",
					"functions": [
						{
							"function": "set_count",
							"count": {
								"min": 1,
								"max": 1
							}
						},
						{
							"function": "enchant_randomly",
							"enchantments": []
						}
					]
				}
			]
		}
	]
}