{
	"pools": [
		{
			"rolls": 1,
			"entries": [
				{
					"type": "item",
					"name": "locdev:mythril_block",
					"weight": 1,
					"functions": [
						{
							"function": "set_count",
							"count": {
								"max": 10,
								"min": 7
							}
						}
					]
				}
			]
		},
		{
			"rolls": 1,
			"entries": [
				{
					"type": "item",
					"name": "locdev:mythril_ingot",
					"weight": 1,
					"functions": [
						{
							"function": "set_count",
							"count": {
								"max": 32,
								"min": 16
							}
						}
					]
				}
			]
		}
	]
}