{
    "pools": [
        {
            "rolls": 1,
            "entries": [
                {
                    "type": "item",
                    "name": "locdev:mythril_sword",
                    "weight": 1,
                    "functions": [
                        {
                            "function": "enchant_randomly",
                            "treasure": true
                        },
                        {
                            "function": "set_damage",
                            "damage": {
                                "max": 12,
                                "min": 12
                            }
                        },
                        {
                            "function": "set_lore",
                            "lore": [
                                "A sword for the commanders of Cenarax"
                            ]
                        },
                        {
                            "function": "specific_enchants",
                            "enchants": [
                                {
                                    "level": 5,
                                    "id": "sharpness"
                                },
                                {
                                    "level": 3,
                                    "id": "fire_aspect"
                                }
                            ]
                        }
                    ]
                },
                {
                    "type": "loot_table",
                    "name": "loot_tables/default_drops_cenarax.json"
                }
            ]
        },
        {
            "rolls": 1,
            "entries": [
                {
                    "type": "item",
                    "name": "locdev:mythril_commander_helmet_blue",
                    "weight": 3,
                    "functions": [
                        {
                            "function": "enchant_randomly",
                            "treasure": true
                        }
                    ]
                },
                {
                    "type": "item",
                    "name": "locdev:mythril_chestplate",
                    "weight": 1,
                    "functions": [
                        {
                            "function": "enchant_randomly",
                            "treasure": true
                        }
                    ]
                },
                {
                    "type": "item",
                    "name": "locdev:mythril_leggings",
                    "weight": 2,
                    "functions": [
                        {
                            "function": "enchant_randomly",
                            "treasure": true
                        }
                    ]
                },
                {
                    "type": "item",
                    "name": "locdev:mythril_boots",
                    "weight": 3,
                    "functions": [
                        {
                            "function": "enchant_randomly",
                            "treasure": true
                        }
                    ]
                }
            ]
        }
    ]
}