{
	"pools": [
		{
			"rolls": 1,
			"entries": [
				{
					"type": "item",
					"name": "locdev:mythril_sword",
					"weight": 1,
					"functions": [
						{
							"function": "enchant_randomly",
							"treasure": true
						}
					]
				}
			]
		},
		{
			"rolls": 1,
			"entries": [
				{
					"type": "empty",
					"weight": 95
				},
				{
					"type": "item",
					"name": "minecraft:totem_of_undying",
					"weight": 5
				}
			]
		},
		{
			"rolls": 1,
			"entries": [
				{
					"type": "item",
					"name": "locdev:mythril_helmet",
					"weight": 1,
					"functions": [
						{
							"function": "enchant_randomly",
							"treasure": true
						}
					]
				}
			]
		},
		{
			"rolls": 1,
			"entries": [
				{
					"type": "item",
					"name": "locdev:mythril_chestplate",
					"weight": 1,
					"functions": [
						{
							"function": "enchant_randomly",
							"treasure": true
						}
					]
				}
			]
		},
		{
			"rolls": 1,
			"entries": [
				{
					"type": "item",
					"name": "locdev:mythril_leggings",
					"weight": 1,
					"functions": [
						{
							"function": "enchant_randomly",
							"treasure": true
						}
					]
				}
			]
		},
		{
			"rolls": 1,
			"entries": [
				{
					"type": "item",
					"name": "locdev:mythril_boots",
					"weight": 1,
					"functions": [
						{
							"function": "enchant_randomly",
							"treasure": true
						}
					]
				}
			]
		}
	]
}