{
	"format_version": "1.10.0",
	"particle_effect": {
		"description": {
			"identifier": "locdev:king_undead_ambient",
			"basic_render_parameters": {
				"material": "particles_alpha",
				"texture": "textures/particles/king_undead_ambient"
			}
		},
		"events": {
			"beacon_ambient": {
				"sound_effect": {
					"event_name": "block.beacon.ambient"
				}
			}
		},
		"components": {
			"minecraft:emitter_rate_steady": {
				"spawn_rate": 15,
				"max_particles": 400
			},
			"minecraft:emitter_lifetime_once": {
				"active_time": 1
			},
			"minecraft:emitter_lifetime_events": {
				"expiration_event": "beacon_ambient"
			},
			"minecraft:emitter_shape_sphere": {
				"radius": 6,
				"surface_only": true,
				"direction": "inwards"
			},
			"minecraft:particle_lifetime_expression": {
				"max_lifetime": 2
			},
			"minecraft:particle_initial_speed": 2,
			"minecraft:particle_motion_dynamic": {},
			"minecraft:particle_appearance_billboard": {
				"size": [
					0.2,
					0.2
				],
				"facing_camera_mode": "rotate_xyz",
				"uv": {
					"texture_width": 16,
					"texture_height": 16,
					"uv": [
						0,
						0
					],
					"uv_size": [
						16,
						16
					]
				}
			},
			"minecraft:particle_motion_collision": {}
		}
	}
}