{
	"format_version": "1.10.0",
	"particle_effect": {
		"description": {
			"identifier": "locdev:king_undead_shockwave",
			"basic_render_parameters": {
				"material": "particles_alpha",
				"texture": "textures/particles/king_undead_shockwave"
			}
		},
		"components": {
			"minecraft:emitter_rate_instant": {
				"num_particles": 130
			},
			"minecraft:emitter_lifetime_looping": {
				"active_time": 5,
				"sleep_time": 1
			},
			"minecraft:emitter_shape_sphere": {
				"direction": [
					"math.random(-50,50)",
					0,
					"math.random(-50,50)"
				]
			},
			"minecraft:particle_lifetime_expression": {
				"max_lifetime": 5
			},
			"minecraft:particle_initial_spin": {
				"rotation_rate": 100
			},
			"minecraft:particle_initial_speed": 10,
			"minecraft:particle_motion_dynamic": {},
			"minecraft:particle_appearance_billboard": {
				"size": [
					0.5,
					0.5
				],
				"facing_camera_mode": "rotate_xyz",
				"uv": {
					"texture_width": 16,
					"texture_height": 16,
					"uv": [
						0,
						0
					],
					"uv_size": [
						16,
						16
					]
				}
			}
		}
	}
}