{
	"format_version": "1.10.0",
	"particle_effect": {
		"description": {
			"identifier": "locdev:spellbound_orb_projectile_ambient",
			"basic_render_parameters": {
				"material": "particles_alpha",
				"texture": "textures/particles/spellbound_orb_projectile_ambient"
			}
		},
		"components": {
			"minecraft:emitter_rate_steady": {
				"spawn_rate": 10,
				"max_particles": 100
			},
			"minecraft:emitter_lifetime_looping": {
				"active_time": 1
			},
			"minecraft:emitter_shape_point": {
				"direction": [
					"math.random(-1,1)",
					"math.random(-1,1)",
					"math.random(-1,1)"
				]
			},
			"minecraft:particle_lifetime_expression": {
				"max_lifetime": 1.5
			},
			"minecraft:particle_initial_spin": {
				"rotation": "math.random(0,2)",
				"rotation_rate": 30
			},
			"minecraft:particle_initial_speed": 0.8,
			"minecraft:particle_motion_dynamic": {},
			"minecraft:particle_appearance_billboard": {
				"size": [
					0.25,
					0.25
				],
				"facing_camera_mode": "rotate_xyz",
				"uv": {
					"texture_width": 16,
					"texture_height": 16,
					"uv": [
						0,
						0
					],
					"uv_size": [
						16,
						16
					]
				}
			},
			"minecraft:particle_appearance_tinting": {
				"color": {
					"interpolant": "v.particle_age / v.particle_lifetime",
					"gradient": {
						"0.0": "#FFFFFFFF",
						"1.0": "#FF66E5FF"
					}
				}
			}
		}
	}
}