{
	"format_version": "1.10.0",
	"particle_effect": {
		"description": {
			"identifier": "locdev:starbound_shockwave",
			"basic_render_parameters": {
				"material": "particles_alpha",
				"texture": "textures/particles/particles"
			}
		},
		"events": {
			"collide": {
				"sound_effect": {
					"event_name": "block.beacon.activate"
				}
			}
		},
		"components": {
			"minecraft:emitter_rate_instant": {
				"num_particles": "math.random(100,150)"
			},
			"minecraft:emitter_lifetime_once": {
				"active_time": 1
			},
			"minecraft:emitter_shape_disc": {
				"radius": 1,
				"surface_only": true,
				"direction": [
					"math.random(-180,180)",
					"math.random(0,180)",
					"math.random(-180,180)"
				]
			},
			"minecraft:particle_lifetime_expression": {
				"max_lifetime": 10
			},
			"minecraft:particle_initial_spin": {
				"rotation": "math.random(-180,180)"
			},
			"minecraft:particle_initial_speed": 3,
			"minecraft:particle_motion_dynamic": {},
			"minecraft:particle_appearance_billboard": {
				"size": [
					0.5,
					0.5
				],
				"facing_camera_mode": "rotate_xyz",
				"uv": {
					"texture_width": 16,
					"texture_height": 64,
					"flipbook": {
						"base_UV": [
							0,
							0
						],
						"size_UV": [
							16,
							16
						],
						"step_UV": [
							0,
							16
						],
						"frames_per_second": 15,
						"max_frame": 4,
						"loop": true
					}
				}
			},
			"minecraft:particle_motion_collision": {
				"events": [
					{
						"event": "collide",
						"min_speed": 0
					}
				]
			}
		}
	}
}