{
	"format_version": "1.10.0",
	"particle_effect": {
		"description": {
			"identifier": "locdev:wither_summoning",
			"basic_render_parameters": {
				"material": "particles_alpha",
				"texture": "textures/particles/summoning_black_skull"
			}
		},
		"events": {
			"wither_summon_sound": {
				"sound_effect": {
					"event_name": "entity.wither.spawn"
				}
			},
			"begin_charge": {
				"sound_effect": {
					"event_name": "entity.warden.sonic_boom"
				}
			}
		},
		"components": {
			"minecraft:emitter_rate_steady": {
				"spawn_rate": 50,
				"max_particles": 150
			},
			"minecraft:emitter_lifetime_once": {
				"active_time": 5
			},
			"minecraft:emitter_shape_point": {
				"offset": [
					0,
					5,
					0
				]
			},
			"minecraft:particle_lifetime_expression": {
				"max_lifetime": 4
			},
			"minecraft:particle_expire_if_not_in_blocks": [
				"minecraft:air"
			],
			"minecraft:particle_lifetime_events": {
				"creation_event": "begin_charge",
				"expiration_event": "wither_summon_sound"
			},
			"minecraft:particle_initial_speed": "math.random(9,10)",
			"minecraft:particle_motion_dynamic": {},
			"minecraft:particle_appearance_billboard": {
				"size": [
					0.8,
					0.8
				],
				"facing_camera_mode": "rotate_xyz",
				"uv": {
					"texture_width": 8,
					"texture_height": 8,
					"uv": [
						0,
						0
					],
					"uv_size": [
						8,
						8
					]
				}
			}
		}
	}
}