{
    "format_version": "1.21.20",
    "minecraft:template_pool": {
        "description": {
            "identifier": "locdev:large_mineshaft_tunnels"
        },
        "elements": [
            {
                "element": {
                    "element_type": "minecraft:single_pool_element",
                    "location": "large_mineshaft/tunnels/tunnel",
                    "processors": "locdev:mineshaft_decay"
                },
                "projection": "rigid",
                "weight": 1
            }
        ]
    }
}