{
    "format_version": "1.21.20",
    "minecraft:template_pool": {
        "description": {
            "identifier": "locdev:large_mineshaft_rails"
        },
        "elements": [
            {
                "element": {
                    "element_type": "minecraft:single_pool_element",
                    "location": "large_mineshaft/rails/rail_default",
                    "processors": "locdev:mineshaft_decay"
                },
                "projection": "rigid",
                "weight": 5
            },
            {
                "element": {
                    "element_type": "minecraft:single_pool_element",
                    "location": "large_mineshaft/rails/rails_powered",
                    "processors": "locdev:mineshaft_decay"
                },
                "projection": "rigid",
                "weight": 3
            },
            {
                "element": {
                    "element_type": "minecraft:single_pool_element",
                    "location": "large_mineshaft/rails/rails_minecart",
                    "processors": "locdev:mineshaft_decay"
                },
                "projection": "rigid",
                "weight": 3
            },
            {
                "element": {
                    "element_type": "minecraft:single_pool_element",
                    "location": "large_mineshaft/rails/rails_minecart_chest",
                    "processors": "locdev:mineshaft_decay"
                },
                "projection": "rigid",
                "weight": 2
            },
            {
                "element": {
                    "element_type": "minecraft:single_pool_element",
                    "location": "large_mineshaft/rails/rails_minecart_tnt",
                    "processors": "locdev:mineshaft_decay"
                },
                "projection": "rigid",
                "weight": 1
            }
        ]
    }
}