{
    "pools": [
        {
            "rolls": 10,
            "entries": [
                {
                    "type": "item",
                    "name": "minecraft:bow",
                    "weight": 6,
                    "functions": [
                        {
                            "function": "enchant_random_gear",
                            "chance": 0.5
                        }
                    ]
                },
                {
                    "type": "item",
                    "name": "minecraft:crossbow",
                    "weight": 5,
                    "functions": [
                        {
                            "function": "enchant_random_gear",
                            "chance": 0.5
                        }
                    ]
                },
                {
                    "type": "item",
                    "name": "minecraft:dark_oak_planks",
                    "weight": 8,
                    "functions": [
                        {
                            "function": "set_count",
                            "count": {
                                "max": 5,
                                "min": 1
                            }
                        }
                    ]
                },
                {
                    "type": "item",
                    "name": "minecraft:arrow",
                    "weight": 10,
                    "functions": [
                        {
                            "function": "set_count",
                            "count": {
                                "max": 8,
                                "min": 4
                            }
                        }
                    ]
                },
                {
                    "type": "item",
                    "name": "minecraft:iron_nugget",
                    "weight": 7,
                    "functions": [
                        {
                            "function": "set_count",
                            "count": {
                                "max": 9,
                                "min": 1
                            }
                        }
                    ]
                },
                {
                    "type": "item",
                    "name": "minecraft:iron_ingot",
                    "weight": 7,
                    "functions": [
                        {
                            "function": "set_count",
                            "count": {
                                "max": 3,
                                "min": 1
                            }
                        }
                    ]
                },
                {
                    "type": "item",
                    "name": "minecraft:arrow",
                    "weight": 7,
                    "functions": [
                        {
                            "function": "set_count",
                            "count": {
                                "max": 2,
                                "min": 1
                            }
                        },
                        {
                            "function": "set_potion",
                            "id": "weakness"
                        }
                    ]
                },
                {
                    "type": "item",
                    "name": "minecraft:emerald",
                    "weight": 8,
                    "functions": [
                        {
                            "function": "set_count",
                            "count": {
                                "max": 3,
                                "min": 1
                            }
                        }
                    ]
                },
                {
                    "type": "item",
                    "name": "locdev:cenarax_silver_coin",
                    "weight": 3,
                    "functions": [
                        {
                            "function": "set_count",
                            "count": {
                                "max": 16,
                                "min": 4
                            }
                        }
                    ]
                },
                {
                    "type": "item",
                    "name": "locdev:cenarax_coin",
                    "weight": 2,
                    "functions": [
                        {
                            "function": "set_count",
                            "count": {
                                "max": 8,
                                "min": 2
                            }
                        }
                    ]
                },
                {
                    "type": "item",
                    "name": "locdev:cenarax_diamond_coin",
                    "weight": 1,
                    "functions": [
                        {
                            "function": "set_count",
                            "count": {
                                "max": 2,
                                "min": 1
                            }
                        }
                    ]
                },
                {
                    "type": "item",
                    "name": "goat_horn",
                    "weight": 3,
                    "functions": [
                        {
                            "function": "set_data",
                            "data": {
                                "min": 0,
                                "max": 3
                            }
                        }
                    ]
                }
            ]
        }
    ]
}