{
    "pools": [
        {
            "rolls": 6,
            "entries": [
                {
                    "type": "item",
                    "name": "minecraft:arrow",
                    "weight": 2,
                    "functions": [
                        {
                            "function": "set_count",
                            "count": {
                                "max": 10,
                                "min": 3
                            }
                        }
                    ]
                },
                {
                    "type": "item",
                    "name": "minecraft:arrow",
                    "weight": 1,
                    "functions": [
                        {
                            "function": "set_count",
                            "count": {
                                "max": 1,
                                "min": 1
                            }
                        },
                        {
                            "function": "set_potion",
                            "id": "slowness"
                        }
                    ]
                },
                {
                    "type": "item",
                    "name": "minecraft:arrow",
                    "weight": 1,
                    "functions": [
                        {
                            "function": "set_count",
                            "count": {
                                "max": 1,
                                "min": 1
                            }
                        },
                        {
                            "function": "set_potion",
                            "id": "weakness"
                        }
                    ]
                },
                {
                    "type": "item",
                    "name": "minecraft:bow",
                    "weight": 1,
                    "functions": [
                        {
                            "function": "set_count",
                            "count": {
                                "max": 1,
                                "min": 1
                            }
                        },
                        {
                            "function": "enchant_random_gear",
                            "chance": 0.5
                        }
                    ]
                },
                {
                    "type": "item",
                    "name": "minecraft:crossbow",
                    "weight": 1,
                    "functions": [
                        {
                            "function": "set_count",
                            "count": {
                                "max": 1,
                                "min": 1
                            }
                        },
                        {
                            "function": "enchant_random_gear",
                            "chance": 0.5
                        }
                    ]
                }
            ]
        }
    ]
}