{
    "pools": [
        {
            "rolls": 10,
            "entries": [
                {
                    "type": "item",
                    "name": "ice",
                    "weight": 10,
                    "functions": [
                        {
                            "function": "set_count",
                            "count": {
                                "max": 3,
                                "min": 1
                            }
                        }
                    ]
                },
                {
                    "type": "item",
                    "name": "packed_ice",
                    "weight": 9,
                    "functions": [
                        {
                            "function": "set_count",
                            "count": {
                                "max": 3,
                                "min": 1
                            }
                        }
                    ]
                },
                {
                    "type": "item",
                    "name": "blue_ice",
                    "weight": 5,
                    "functions": [
                        {
                            "function": "set_count",
                            "count": {
                                "max": 1,
                                "min": 1
                            }
                        }
                    ]
                },
                {
                    "type": "item",
                    "name": "locdev:cenarax_silver_coin",
                    "weight": 9,
                    "functions": [
                        {
                            "function": "set_count",
                            "count": {
                                "max": 16,
                                "min": 8
                            }
                        }
                    ]
                },
                {
                    "type": "item",
                    "name": "locdev:cenarax_coin",
                    "weight": 6,
                    "functions": [
                        {
                            "function": "set_count",
                            "count": {
                                "max": 4,
                                "min": 1
                            }
                        }
                    ]
                },
                {
                    "type": "item",
                    "name": "locdev:cenarax_diamond_coin",
                    "weight": 1,
                    "functions": [
                        {
                            "function": "set_count",
                            "count": {
                                "max": 1,
                                "min": 1
                            }
                        }
                    ]
                },
                {
                    "type": "item",
                    "name": "minecraft:candle",
                    "weight": 9,
                    "functions": [
                        {
                            "function": "set_count",
                            "count": {
                                "max": 3,
                                "min": 1
                            }
                        }
                    ]
                },
                {
                    "type": "item",
                    "name": "minecraft:arrow",
                    "weight": 3,
                    "functions": [
                        {
                            "function": "set_count",
                            "count": {
                                "max": 1,
                                "min": 1
                            }
                        },
                        {
                            "function": "set_potion",
                            "id": "slowness"
                        }
                    ]
                }
            ]
        }
    ]
}