{
	"pools": [
		{
			"rolls": 8,
			"entries": [
				{
					"type": "item",
					"name": "minecraft:cooked_beef",
					"weight": 1,
					"functions": [
						{
							"function": "set_count",
							"count": {
								"min": 3,
								"max": 8
							}
						}
					]
				},
				{
					"type": "item",
					"name": "minecraft:cooked_chicken",
					"weight": 2,
					"functions": [
						{
							"function": "set_count",
							"count": {
								"min": 3,
								"max": 8
							}
						}
					]
				},
				{
					"type": "item",
					"name": "minecraft:cooked_porkchop",
					"weight": 1,
					"functions": [
						{
							"function": "set_count",
							"count": {
								"min": 3,
								"max": 8
							}
						}
					]
				},
				{
					"type": "item",
					"name": "minecraft:bread",
					"weight": 3,
					"functions": [
						{
							"function": "set_count",
							"count": {
								"min": 10,
								"max": 32
							}
						}
					]
				},
				{
					"type": "item",
					"name": "minecraft:apple",
					"weight": 2,
					"functions": [
						{
							"function": "set_count",
							"count": {
								"min": 3,
								"max": 16
							}
						}
					]
				},
				{
					"type": "item",
					"name": "minecraft:rabbit_stew",
					"weight": 2,
					"functions": [
						{
							"function": "set_count",
							"count": {
								"min": 1,
								"max": 1
							}
						}
					]
				},
				{
					"type": "item",
					"name": "minecraft:pumpkin_pie",
					"weight": 3,
					"functions": [
						{
							"function": "set_count",
							"count": {
								"min": 3,
								"max": 16
							}
						}
					]
				}
			]
		}
	]
}