{
	"pools": [
		{
			"rolls": 18,
			"entries": [
				{
					"type": "item",
					"name": "minecraft:book",
					"weight": 2,
					"functions": [
						{
							"function": "enchant_with_levels",
							"levels": {
								"max": 30,
								"min": 15
							},
							"treasure": true
						}
					]
				},
				{
					"type": "item",
					"name": "minecraft:book",
					"weight": 3,
					"functions": [
						{
							"function": "set_count",
							"count": {
								"max": 16,
								"min": 3
							}
						}
					]
				},
				{
					"type": "item",
					"name": "writable_book",
					"weight": 3,
					"functions": [
						{
							"function": "set_count",
							"count": {
								"max": 1,
								"min": 1
							}
						}
					]
				},
				{
					"type": "item",
					"name": "ink_sac",
					"weight": 3,
					"functions": [
						{
							"function": "set_count",
							"count": {
								"max": 16,
								"min": 3
							}
						}
					]
				},
				{
					"type": "item",
					"name": "minecraft:paper",
					"weight": 3,
					"functions": [
						{
							"function": "set_count",
							"count": {
								"max": 32,
								"min": 4
							}
						}
					]
				}
			]
		}
	]
}