{
	"pools": [
		{
			"rolls": 9,
			"entries": [
				{
					"type": "item",
					"name": "minecraft:leather_helmet",
					"weight": 3,
					"functions": [
						{
							"function": "set_count",
							"count": {
								"min": 1,
								"max": 1
							}
						},
						{
							"function": "enchant_random_gear",
							"chance": 0.1
						}
					]
				},
				{
					"type": "item",
					"name": "minecraft:leather_chestplate",
					"weight": 3,
					"functions": [
						{
							"function": "set_count",
							"count": {
								"min": 1,
								"max": 1
							}
						},
						{
							"function": "enchant_random_gear",
							"chance": 0.3
						}
					]
				},
				{
					"type": "item",
					"name": "minecraft:leather_leggings",
					"weight": 3,
					"functions": [
						{
							"function": "set_count",
							"count": {
								"min": 1,
								"max": 1
							}
						},
						{
							"function": "enchant_random_gear",
							"chance": 0.3
						}
					]
				},
				{
					"type": "item",
					"name": "minecraft:leather_boots",
					"weight": 3,
					"functions": [
						{
							"function": "set_count",
							"count": {
								"min": 1,
								"max": 1
							}
						},
						{
							"function": "enchant_random_gear",
							"chance": 0.3
						}
					]
				},
				{
					"type": "item",
					"name": "minecraft:golden_apple",
					"weight": 1,
					"functions": [
						{
							"function": "set_count",
							"count": {
								"min": 1,
								"max": 1
							}
						}
					]
				},
				{
					"type": "item",
					"name": "minecraft:iron_ingot",
					"weight": 3,
					"functions": [
						{
							"function": "set_count",
							"count": {
								"min": 1,
								"max": 4
							}
						}
					]
				},
				{
					"type": "item",
					"name": "minecraft:gold_ingot",
					"weight": 3,
					"functions": [
						{
							"function": "set_count",
							"count": {
								"min": 1,
								"max": 2
							}
						}
					]
				},
				{
					"type": "item",
					"name": "locdev:cenarax_silver_coin",
					"weight": 4,
					"functions": [
						{
							"function": "set_count",
							"count": {
								"max": 8,
								"min": 2
							}
						}
					]
				},
				{
					"type": "item",
					"name": "locdev:cenarax_coin",
					"weight": 3,
					"functions": [
						{
							"function": "set_count",
							"count": {
								"max": 4,
								"min": 1
							}
						}
					]
				},
				{
					"type": "item",
					"name": "locdev:cenarax_diamond_coin",
					"weight": 1,
					"functions": [
						{
							"function": "set_count",
							"count": {
								"max": 1,
								"min": 1
							}
						}
					]
				},
				{
					"type": "item",
					"name": "minecraft:iron_sword",
					"weight": 2,
					"functions": [
						{
							"function": "set_count",
							"count": {
								"min": 1,
								"max": 1
							}
						},
						{
							"function": "enchant_with_levels",
							"levels": {
								"max": 3,
								"min": 3
							}
						}
					]
				},
				{
					"type": "item",
					"name": "minecraft:diamond",
					"weight": 1,
					"functions": [
						{
							"function": "set_count",
							"count": {
								"min": 1,
								"max": 1
							}
						}
					]
				},
				{
					"type": "item",
					"name": "minecraft:enchanted_book",
					"weight": 1,
					"functions": [
						{
							"function": "set_count",
							"count": {
								"min": 1,
								"max": 1
							}
						},
						{
							"function": "enchant_with_levels",
							"levels": {
								"max": 2,
								"min": 2
							}
						}
					]
				}
			]
		}
	]
}