{
	"pools": [
		{
			"rolls": 11,
			"entries": [
				{
					"type": "item",
					"name": "minecraft:diamond",
					"weight": 1,
					"functions": [
						{
							"function": "set_count",
							"count": {
								"min": 1,
								"max": 3
							}
						}
					]
				},
				{
					"type": "item",
					"name": "minecraft:bolt_armor_trim_smithing_template",
					"weight": 1,
					"functions": [
						{
							"function": "set_count",
							"count": {
								"min": 1,
								"max": 3
							}
						}
					]
				},
				{
					"type": "item",
					"name": "minecraft:chainmail_helmet",
					"weight": 2,
					"functions": [
						{
							"function": "set_count",
							"count": {
								"min": 1,
								"max": 1
							}
						},
						{
							"function": "enchant_random_gear",
							"chance": 0.5
						}
					]
				},
				{
					"type": "item",
					"name": "minecraft:chainmail_chestplate",
					"weight": 2,
					"functions": [
						{
							"function": "set_count",
							"count": {
								"min": 1,
								"max": 1
							}
						},
						{
							"function": "enchant_random_gear",
							"chance": 0.5
						}
					]
				},
				{
					"type": "item",
					"name": "minecraft:chainmail_leggings",
					"weight": 2,
					"functions": [
						{
							"function": "set_count",
							"count": {
								"min": 1,
								"max": 1
							}
						},
						{
							"function": "enchant_random_gear",
							"chance": 0.5
						}
					]
				},
				{
					"type": "item",
					"name": "minecraft:chainmail_boots",
					"weight": 2,
					"functions": [
						{
							"function": "set_count",
							"count": {
								"min": 1,
								"max": 1
							}
						},
						{
							"function": "enchant_random_gear",
							"chance": 0.5
						}
					]
				},
				{
					"type": "item",
					"name": "minecraft:golden_apple",
					"weight": 1,
					"functions": [
						{
							"function": "set_count",
							"count": {
								"min": 1,
								"max": 2
							}
						}
					]
				},
				{
					"type": "item",
					"name": "minecraft:iron_ingot",
					"weight": 3,
					"functions": [
						{
							"function": "set_count",
							"count": {
								"min": 3,
								"max": 10
							}
						}
					]
				},
				{
					"type": "item",
					"name": "minecraft:gold_ingot",
					"weight": 3,
					"functions": [
						{
							"function": "set_count",
							"count": {
								"min": 1,
								"max": 5
							}
						}
					]
				},
				{
					"type": "item",
					"name": "locdev:cenarax_silver_coin",
					"weight": 5,
					"functions": [
						{
							"function": "set_count",
							"count": {
								"max": 16,
								"min": 4
							}
						}
					]
				},
				{
					"type": "item",
					"name": "locdev:cenarax_coin",
					"weight": 4,
					"functions": [
						{
							"function": "set_count",
							"count": {
								"max": 6,
								"min": 2
							}
						}
					]
				},
				{
					"type": "item",
					"name": "locdev:cenarax_diamond_coin",
					"weight": 2,
					"functions": [
						{
							"function": "set_count",
							"count": {
								"max": 2,
								"min": 1
							}
						}
					]
				},
				{
					"type": "item",
					"name": "minecraft:iron_sword",
					"weight": 2,
					"functions": [
						{
							"function": "set_count",
							"count": {
								"min": 1,
								"max": 1
							}
						},
						{
							"function": "enchant_with_levels",
							"levels": {
								"max": 5,
								"min": 10
							}
						}
					]
				},
				{
					"type": "item",
					"name": "minecraft:diamond",
					"weight": 2,
					"functions": [
						{
							"function": "set_count",
							"count": {
								"min": 1,
								"max": 3
							}
						}
					]
				},
				{
					"type": "item",
					"name": "minecraft:enchanted_book",
					"weight": 1,
					"functions": [
						{
							"function": "set_count",
							"count": {
								"min": 1,
								"max": 1
							}
						},
						{
							"function": "enchant_with_levels",
							"levels": {
								"max": 4,
								"min": 6
							}
						}
					]
				}
			]
		}
	]
}