{
    "pools": [
        {
            "rolls": 11,
            "entries": [
                {
                    "type": "item",
                    "name": "minecraft:nether_wart",
                    "weight": 10,
                    "functions": [
                        {
                            "function": "set_count",
                            "count": {
                                "max": 16,
                                "min": 4
                            }
                        }
                    ]
                },
                {
                    "type": "item",
                    "name": "minecraft:glowstone_dust",
                    "weight": 9,
                    "functions": [
                        {
                            "function": "set_count",
                            "count": {
                                "max": 8,
                                "min": 4
                            }
                        }
                    ]
                },
                {
                    "type": "item",
                    "name": "minecraft:redstone",
                    "weight": 10,
                    "functions": [
                        {
                            "function": "set_count",
                            "count": {
                                "max": 16,
                                "min": 8
                            }
                        }
                    ]
                },
                {
                    "type": "item",
                    "name": "minecraft:magma_cream",
                    "weight": 3,
                    "functions": [
                        {
                            "function": "set_count",
                            "count": {
                                "max": 1,
                                "min": 1
                            }
                        }
                    ]
                },
                {
                    "type": "item",
                    "name": "minecraft:golden_carrot",
                    "weight": 5,
                    "functions": [
                        {
                            "function": "set_count",
                            "count": {
                                "max": 4,
                                "min": 1
                            }
                        }
                    ]
                },
                {
                    "type": "item",
                    "name": "minecraft:glistering_melon_slice",
                    "weight": 9,
                    "functions": [
                        {
                            "function": "set_count",
                            "count": {
                                "max": 2,
                                "min": 1
                            }
                        }
                    ]
                },
                {
                    "type": "item",
                    "name": "minecraft:gunpowder",
                    "weight": 9,
                    "functions": [
                        {
                            "function": "set_count",
                            "count": {
                                "max": 3,
                                "min": 1
                            }
                        }
                    ]
                },
                {
                    "type": "item",
                    "name": "minecraft:fermented_spider_eye",
                    "weight": 9,
                    "functions": [
                        {
                            "function": "set_count",
                            "count": {
                                "max": 2,
                                "min": 1
                            }
                        }
                    ]
                },
                {
                    "type": "item",
                    "name": "locdev:unbound_orb",
                    "weight": 2,
                    "functions": [
                        {
                            "function": "set_count",
                            "count": {
                                "max": 1,
                                "min": 1
                            }
                        }
                    ]
                },
                {
                    "type": "item",
                    "name": "minecraft:enchanted_book",
                    "weight": 8,
                    "functions": [
                        {
                            "function": "set_count",
                            "count": {
                                "min": 1,
                                "max": 1
                            }
                        },
                        {
                            "function": "enchant_with_levels",
                            "levels": {
                                "max": 20,
                                "min": 20
                            }
                        }
                    ]
                },
                {
                    "type": "item",
                    "name": "minecraft:potion",
                    "weight": 7,
                    "functions": [
                        {
                            "function": "set_count",
                            "count": {
                                "max": 1,
                                "min": 1
                            }
                        },
                        {
                            "function": "set_potion",
                            "id": "healing"
                        }
                    ]
                },
                {
                    "type": "item",
                    "name": "minecraft:potion",
                    "weight": 6,
                    "functions": [
                        {
                            "function": "set_count",
                            "count": {
                                "max": 1,
                                "min": 1
                            }
                        },
                        {
                            "function": "set_potion",
                            "id": "strong_healing"
                        }
                    ]
                },
                {
                    "type": "item",
                    "name": "minecraft:potion",
                    "weight": 5,
                    "functions": [
                        {
                            "function": "set_count",
                            "count": {
                                "max": 1,
                                "min": 1
                            }
                        },
                        {
                            "function": "set_potion",
                            "id": "regeneration"
                        }
                    ]
                },
                {
                    "type": "item",
                    "name": "minecraft:potion",
                    "weight": 3,
                    "functions": [
                        {
                            "function": "set_count",
                            "count": {
                                "max": 1,
                                "min": 1
                            }
                        },
                        {
                            "function": "set_potion",
                            "id": "strong_regeneration"
                        }
                    ]
                },
                {
                    "type": "item",
                    "name": "minecraft:potion",
                    "weight": 3,
                    "functions": [
                        {
                            "function": "set_count",
                            "count": {
                                "max": 1,
                                "min": 1
                            }
                        },
                        {
                            "function": "set_potion",
                            "id": "strong_strength"
                        }
                    ]
                },
                {
                    "type": "item",
                    "name": "minecraft:potion",
                    "weight": 5,
                    "functions": [
                        {
                            "function": "set_count",
                            "count": {
                                "max": 1,
                                "min": 1
                            }
                        },
                        {
                            "function": "set_potion",
                            "id": "strength"
                        }
                    ]
                },
                {
                    "type": "item",
                    "name": "minecraft:potion",
                    "weight": 5,
                    "functions": [
                        {
                            "function": "set_count",
                            "count": {
                                "max": 1,
                                "min": 1
                            }
                        },
                        {
                            "function": "set_potion",
                            "id": "nightvision"
                        }
                    ]
                },
                {
                    "type": "item",
                    "name": "minecraft:potion",
                    "weight": 3,
                    "functions": [
                        {
                            "function": "set_count",
                            "count": {
                                "max": 1,
                                "min": 1
                            }
                        },
                        {
                            "function": "set_potion",
                            "id": "invisibility"
                        }
                    ]
                },
                {
                    "type": "item",
                    "name": "minecraft:splash_potion",
                    "weight": 3,
                    "functions": [
                        {
                            "function": "set_count",
                            "count": {
                                "max": 1,
                                "min": 1
                            }
                        },
                        {
                            "function": "set_potion",
                            "id": "weakness"
                        }
                    ]
                },
                {
                    "type": "item",
                    "name": "minecraft:splash_potion",
                    "weight": 1,
                    "functions": [
                        {
                            "function": "set_count",
                            "count": {
                                "max": 1,
                                "min": 1
                            }
                        },
                        {
                            "function": "set_potion",
                            "id": "wither"
                        }
                    ]
                }
            ]
        }
    ]
}