{
    "pools": [
        {
            "rolls": {
                "max": 6,
                "min": 3
            },
            "entries": [
                {
                    "type": "item",
                    "name": "minecraft:torch",
                    "weight": 1,
                    "functions": [
                        {
                            "function": "set_count",
                            "count": {
                                "max": 2,
                                "min": 1
                            }
                        }
                    ]
                },
                {
                    "type": "loot_table",
                    "name": "loot_tables/chests_extensions/candles.json",
                    "weight": 1
                },
                {
                    "type": "item",
                    "name": "minecraft:oak_planks",
                    "weight": 2,
                    "functions": [
                        {
                            "function": "set_count",
                            "count": {
                                "max": 2,
                                "min": 1
                            }
                        }
                    ]
                },
                {
                    "type": "item",
                    "name": "locdev:cenarax_silver_coin",
                    "weight": 2,
                    "functions": [
                        {
                            "function": "set_count",
                            "count": {
                                "max": 3,
                                "min": 1
                            }
                        }
                    ]
                },
                {
                    "type": "item",
                    "name": "poisonous_potato",
                    "weight": 1,
                    "functions": [
                        {
                            "function": "set_count",
                            "count": {
                                "max": 1,
                                "min": 1
                            }
                        }
                    ]
                }
            ]
        }
    ]
}