{
    "pools": [
        {
            "rolls": {
                "min": 3,
                "max": 8
            },
            "entries": [
                {
                    "type": "item",
                    "name": "minecraft:red_mushroom",
                    "functions": [
                        {
                            "function": "set_count",
                            "count": {
                                "max": 4,
                                "min": 1
                            }
                        }
                    ]
                },
                {
                    "type": "item",
                    "name": "minecraft:brown_mushroom",
                    "functions": [
                        {
                            "function": "set_count",
                            "count": {
                                "max": 4,
                                "min": 1
                            }
                        }
                    ]
                },
                {
                    "type": "item",
                    "name": "minecraft:blue_orchid",
                    "functions": [
                        {
                            "function": "set_count",
                            "count": {
                                "max": 2,
                                "min": 1
                            }
                        }
                    ]
                },
                {
                    "type": "item",
                    "name": "minecraft:potato",
                    "weight": 10,
                    "functions": [
                        {
                            "function": "set_count",
                            "count": {
                                "max": 7,
                                "min": 1
                            }
                        }
                    ]
                },
                {
                    "type": "item",
                    "name": "minecraft:bread",
                    "weight": 10,
                    "functions": [
                        {
                            "function": "set_count",
                            "count": {
                                "max": 5,
                                "min": 1
                            }
                        }
                    ]
                },
                {
                    "type": "item",
                    "name": "minecraft:emerald",
                    "weight": 5,
                    "functions": [
                        {
                            "function": "set_count",
                            "count": {
                                "max": 2,
                                "min": 1
                            }
                        }
                    ]
                }
            ]
        }
    ]
}