{
	"format_version": "1.10.0",
	"animation_controllers": {
		"controller.animation.mythril_golem": {
			"initial_state": "idle",
			"states": {
				"idle": {
					"animations": [
						"idle"
					],
					"transitions": [
						{
							"attack": "variable.attack_time>0",
							"walk": "query.ground_speed>0"
						}
					],
					"blend_transition": true
				},
				"attack": {
					"animations": [
						"attack"
					],
					"transitions": [
						{
							"idle": "query.any_animation_finished",
							"walk": "query.any_animation_finished"
						}
					],
					"blend_transition": true
				},
				"walk": {
					"animations": [
						"walk"
					],
					"transitions": [
						{
							"attack": "query.is_angry",
							"idle": "query.ground_speed<0"
						}
					],
					"blend_transition": true
				}
			}
		}
	}
}