{
	"format_version": [
		1,
		1,
		0
	],
	"locdev:gold_candle_holder": {
		"sound": "metal",
		"textures": "gold_candle_holder"
	},
	"locdev:crate_tier_one": {
		"sound": "wood",
		"textures": "locdev_crate_tier_one"
	},
	"locdev:small_coin_stack": {
		"sound": "metal",
		"textures": "locdev_locdev_small_coin_stack"
	},
	"pa:glowing_obsidian": {
		"sound": "stone",
		"textures": "pa_glowing_obsidian"
	},
	"locdev:medium_coin_stack": {
		"sound": "metal",
		"textures": "locdev_locdev_medium_coin_stack"
	},
	"locdev:candle_holder_gold": {
		"sound": "metal",
		"textures": "locdev_candle_holder_gold"
	},
	"locdev:mythril_ore": {
		"sound": "stone",
		"textures": "locdev_mythril_ore"
	},
	"locdev:spell_bound_table": {
		"sound": "ancient_debris",
		"textures": "locdev_spell_bound_table"
	},
	"locdev:forge": {
		"sound": "stone",
		"textures": {
			"down": "forge_bottom",
			"up": "forge_top",
			"north": "forge_north",
			"east": "forge_east",
			"south": "forge_south",
			"west": "forge_west"
		}
	},
	"locdev:mythril_block": {
		"sound": "metal",
		"textures": "locdev_mythril_block"
	},
	"locdev:chiseled_obsidian": {
		"sound": "stone",
		"textures": "locdev_chiseled_obsidian"
	},
	"locdev:deepslate_mythril_ore": {
		"sound": "stone",
		"textures": "locdev_deepslate_mythril_ore"
	},
	"locdev:silver_ore": {
		"sound": "stone",
		"textures": "locdev_silver_ore"
	},
	"locdev:deepslate_silver_ore": {
		"sound": "stone",
		"textures": "locdev_deepslate_silver_ore"
	},
	"locdev:silver_block": {
		"sound": "metal",
		"textures": "locdev_silver_block"
	},
	"locdev:chiseled_silver_block": {
		"sound": "metal",
		"textures": "locdev_chiseled_silver_block"
	},
	"locdev:silver_bricks": {
		"sound": "metal",
		"textures": "locdev_silver_bricks"
	},
	"locdev:silver_pillar": {
		"sound": "metal",
		"textures": {
			"down": "silver_pillar_bottom",
			"up": "silver_pillar_top",
			"north": "silver_pillar_north",
			"east": "silver_pillar_east",
			"south": "silver_pillar_south",
			"west": "silver_pillar_west"
		}
	},
	"locdev:crate_tier_two": {
		"sound": "stone",
		"textures": "locdev_crate_tier_two"
	},
	"locdev:crate_tier_three": {
		"sound": "stone",
		"textures": "locdev_crate_tier_three"
	},
	"locdev:large_coin_stack": {
		"sound": "metal"
	},
	"locdev:raw_mythril_block": {
		"sound": "stone",
		"textures": "locdev_raw_mythril_block"
	},
	"locdev:raw_silver_block": {
		"sound": "stone",
		"textures": "locdev_raw_silver_block"
	}
}