{
    "format_version": "1.21.20",
    "minecraft:template_pool": {
        "description": {
            "identifier": "locdev:cenarax_tower/controllers"
        },
        "elements": [
            {
                "element": {
                    "element_type": "minecraft:single_pool_element",
                    "location": "cenarax_tower/controllers/controller",
                    "processors": "locdev:cenarax_tower_decay"
                },
                "projection": "rigid",
                "weight": 1
            },
            {
                "element": {
                    "element_type": "minecraft:single_pool_element",
                    "location": "cenarax_tower/controllers/middle_controller",
                    "processors": "locdev:cenarax_tower_decay"
                },
                "projection": "rigid",
                "weight": 1
            }
        ]
    }
}