{
    "pools": [
        {
            "rolls": 1,
            "entries": [
                {
                    "type": "item",
                    "name": "minecraft:diamond_axe",
                    "weight": 4
                },
                {
                    "type": "item",
                    "name": "minecraft:diamond_axe",
                    "weight": 3,
                    "functions": [
                        {
                            "function": "enchant_randomly",
                            "treasure": false
                        }
                    ]
                },
                {
                    "type": "item",
                    "name": "minecraft:diamond_sword",
                    "weight": 4
                },
                {
                    "type": "item",
                    "name": "minecraft:diamond_sword",
                    "weight": 3,
                    "functions": [
                        {
                            "function": "enchant_randomly",
                            "treasure": false
                        }
                    ]
                },
                {
                    "type": "item",
                    "name": "locdev:diamond_spear",
                    "weight": 2
                },
                {
                    "type": "item",
                    "name": "locdev:diamond_spear",
                    "weight": 1,
                    "functions": [
                        {
                            "function": "enchant_randomly",
                            "treasure": false
                        }
                    ]
                }
            ]
        },
        {
            "rolls": 1,
            "entries": [
                {
                    "type": "item",
                    "name": "locdev:cenarax_diamond_helmet",
                    "weight": 2
                },
                {
                    "type": "item",
                    "name": "locdev:cenarax_diamond_helmet",
                    "weight": 1,
                    "functions": [
                        {
                            "function": "enchant_randomly",
                            "treasure": false
                        }
                    ]
                }
            ]
        },
        {
            "rolls": 1,
            "entries": [
                {
                    "type": "item",
                    "name": "minecraft:diamond_chestplate",
                    "weight": 2
                },
                {
                    "type": "item",
                    "name": "minecraft:diamond_chestplate",
                    "weight": 1,
                    "functions": [
                        {
                            "function": "enchant_randomly",
                            "treasure": false
                        },
                        {
                            "function": "set_armor_trim",
                            "material": "emerald",
                            "pattern": "flow"
                        }
                    ]
                }
            ]
        },
        {
            "rolls": 1,
            "entries": [
                {
                    "type": "item",
                    "name": "minecraft:diamond_leggings",
                    "weight": 2
                },
                {
                    "type": "item",
                    "name": "minecraft:diamond_leggings",
                    "weight": 1,
                    "functions": [
                        {
                            "function": "enchant_randomly",
                            "treasure": false
                        },
                        {
                            "function": "set_armor_trim",
                            "material": "emerald",
                            "pattern": "flow"
                        }
                    ]
                }
            ]
        },
        {
            "rolls": 1,
            "entries": [
                {
                    "type": "item",
                    "name": "minecraft:diamond_boots",
                    "weight": 2
                },
                {
                    "type": "item",
                    "name": "minecraft:diamond_boots",
                    "weight": 1,
                    "functions": [
                        {
                            "function": "enchant_randomly",
                            "treasure": false
                        },
                        {
                            "function": "set_armor_trim",
                            "material": "emerald",
                            "pattern": "flow"
                        }
                    ]
                }
            ]
        }
    ]
}