{
    "pools": [
        {
            "rolls": 1,
            "entries": [
                {
                    "type": "item",
                    "name": "minecraft:golden_axe",
                    "weight": 4
                },
                {
                    "type": "item",
                    "name": "minecraft:golden_axe",
                    "weight": 3,
                    "functions": [
                        {
                            "function": "enchant_randomly",
                            "treasure": false
                        }
                    ]
                },
                {
                    "type": "item",
                    "name": "minecraft:golden_sword",
                    "weight": 4
                },
                {
                    "type": "item",
                    "name": "minecraft:golden_sword",
                    "weight": 3,
                    "functions": [
                        {
                            "function": "enchant_randomly",
                            "treasure": false
                        }
                    ]
                },
                {
                    "type": "item",
                    "name": "locdev:gold_spear",
                    "weight": 2
                },
                {
                    "type": "item",
                    "name": "locdev:gold_spear",
                    "weight": 1,
                    "functions": [
                        {
                            "function": "enchant_randomly",
                            "treasure": false
                        }
                    ]
                }
            ]
        },
        {
            "rolls": 1,
            "entries": [
                {
                    "type": "item",
                    "name": "locdev:cenarax_gold_helmet",
                    "weight": 2
                },
                {
                    "type": "item",
                    "name": "locdev:cenarax_gold_helmet",
                    "weight": 1,
                    "functions": [
                        {
                            "function": "enchant_randomly",
                            "treasure": false
                        },
                        {
                            "function": "set_armor_trim",
                            "material": "diamond",
                            "pattern": "tide"
                        }
                    ]
                }
            ]
        },
        {
            "rolls": 1,
            "entries": [
                {
                    "type": "item",
                    "name": "minecraft:golden_chestplate",
                    "weight": 2
                },
                {
                    "type": "item",
                    "name": "minecraft:golden_chestplate",
                    "weight": 1,
                    "functions": [
                        {
                            "function": "enchant_randomly",
                            "treasure": false
                        },
                        {
                            "function": "set_armor_trim",
                            "material": "diamond",
                            "pattern": "tide"
                        }
                    ]
                }
            ]
        },
        {
            "rolls": 1,
            "entries": [
                {
                    "type": "item",
                    "name": "minecraft:golden_leggings",
                    "weight": 2
                },
                {
                    "type": "item",
                    "name": "minecraft:golden_leggings",
                    "weight": 1,
                    "functions": [
                        {
                            "function": "enchant_randomly",
                            "treasure": false
                        },
                        {
                            "function": "set_armor_trim",
                            "material": "diamond",
                            "pattern": "tide"
                        }
                    ]
                }
            ]
        },
        {
            "rolls": 1,
            "entries": [
                {
                    "type": "item",
                    "name": "minecraft:golden_boots",
                    "weight": 2
                },
                {
                    "type": "item",
                    "name": "minecraft:golden_boots",
                    "weight": 1,
                    "functions": [
                        {
                            "function": "enchant_randomly",
                            "treasure": false
                        },
                        {
                            "function": "set_armor_trim",
                            "material": "diamond",
                            "pattern": "tide"
                        }
                    ]
                }
            ]
        }
    ]
}