{
    "pools": [
        {
            "rolls": 1,
            "entries": [
                {
                    "type": "item",
                    "name": "minecraft:crossbow",
                    "weight": 2
                },
                {
                    "type": "item",
                    "name": "minecraft:crossbow",
                    "weight": 1,
                    "functions": [
                        {
                            "function": "enchant_randomly",
                            "treasure": false
                        },
                        {
                            "function": "specific_enchants",
                            "enchants": [
                                {
                                    "id": "multishot",
                                    "level": 1
                                }
                            ]
                        }
                    ]
                }
            ]
        },
        {
            "rolls": 1,
            "entries": [
                {
                    "type": "item",
                    "name": "firework_rocket",
                    "weight": 1
                }
            ]
        },
        {
            "rolls": 1,
            "entries": [
                {
                    "type": "item",
                    "name": "locdev:cenarax_diamond_helmet",
                    "weight": 2
                },
                {
                    "type": "item",
                    "name": "locdev:cenarax_diamond_helmet",
                    "weight": 1,
                    "functions": [
                        {
                            "function": "enchant_randomly",
                            "treasure": false
                        }
                    ]
                }
            ]
        },
        {
            "rolls": 1,
            "entries": [
                {
                    "type": "item",
                    "name": "minecraft:diamond_chestplate",
                    "weight": 2
                },
                {
                    "type": "item",
                    "name": "minecraft:diamond_chestplate",
                    "weight": 1,
                    "functions": [
                        {
                            "function": "enchant_randomly",
                            "treasure": false
                        }
                    ]
                }
            ]
        },
        {
            "rolls": 1,
            "entries": [
                {
                    "type": "item",
                    "name": "minecraft:diamond_leggings",
                    "weight": 2
                },
                {
                    "type": "item",
                    "name": "minecraft:diamond_leggings",
                    "weight": 1,
                    "functions": [
                        {
                            "function": "enchant_randomly",
                            "treasure": false
                        }
                    ]
                }
            ]
        },
        {
            "rolls": 1,
            "entries": [
                {
                    "type": "item",
                    "name": "minecraft:diamond_boots",
                    "weight": 2
                },
                {
                    "type": "item",
                    "name": "minecraft:diamond_boots",
                    "weight": 1,
                    "functions": [
                        {
                            "function": "enchant_randomly",
                            "treasure": false
                        }
                    ]
                }
            ]
        }
    ]
}