{
    "pools": [
        {
            "rolls": 1,
            "entries": [
                {
                    "type": "item",
                    "name": "locdev:netherite_scythe",
                    "weight": 1,
                    "functions": [
                        {
                            "function": "enchant_randomly",
                            "treasure": true
                        }
                    ]
                },
                {
                    "type": "item",
                    "name": "locdev:netherite_spear",
                    "weight": 2,
                    "functions": [
                        {
                            "function": "enchant_randomly",
                            "treasure": true
                        }
                    ]
                }
            ]
        },
        {
            "rolls": 1,
            "entries": [
                {
                    "type": "item",
                    "name": "locdev:cenarax_diamond_helmet",
                    "weight": 1,
                    "functions": [
                        {
                            "function": "enchant_randomly",
                            "treasure": true
                        }
                    ]
                }
            ]
        },
        {
            "rolls": 1,
            "entries": [
                {
                    "type": "item",
                    "name": "diamond_chestplate",
                    "weight": 1,
                    "functions": [
                        {
                            "function": "enchant_randomly",
                            "treasure": true
                        }
                    ]
                }
            ]
        },
        {
            "rolls": 1,
            "entries": [
                {
                    "type": "item",
                    "name": "diamond_leggings",
                    "weight": 1,
                    "functions": [
                        {
                            "function": "enchant_randomly",
                            "treasure": true
                        }
                    ]
                }
            ]
        },
        {
            "rolls": 1,
            "entries": [
                {
                    "type": "item",
                    "name": "diamond_boots",
                    "weight": 1,
                    "functions": [
                        {
                            "function": "enchant_randomly",
                            "treasure": true
                        }
                    ]
                }
            ]
        }
    ]
}