{
	"pools": [
		{
			"rolls": 1,
			"entries": [
				{
					"type": "item",
					"weight": 1,
					"name": "minecraft:shield",
					"functions": [
						{
							"function": "set_count",
							"count": {
								"min": 1,
								"max": 1
							}
						},
						{
							"function": "enchant_randomly",
							"enchantments": []
						}
					]
				}
			]
		},
		{
			"rolls": 1,
			"entries": [
				{
					"type": "item",
					"weight": 1,
					"name": "minecraft:netherite_helmet",
					"functions": [
						{
							"function": "set_count",
							"count": {
								"min": 1,
								"max": 1
							}
						},
						{
							"function": "enchant_randomly",
							"enchantments": []
						},
						{
							"function": "set_armor_trim",
							"material": "redstone",
							"pattern": "silence"
						}
					]
				}
			]
		},
		{
			"rolls": 1,
			"entries": [
				{
					"type": "item",
					"weight": 1,
					"name": "minecraft:netherite_chestplate",
					"functions": [
						{
							"function": "set_count",
							"count": {
								"min": 1,
								"max": 1
							}
						},
						{
							"function": "enchant_randomly",
							"enchantments": []
						},
						{
							"function": "set_armor_trim",
							"material": "redstone",
							"pattern": "silence"
						}
					]
				}
			]
		},
		{
			"rolls": 1,
			"entries": [
				{
					"type": "item",
					"weight": 1,
					"name": "minecraft:netherite_leggings",
					"functions": [
						{
							"function": "set_count",
							"count": {
								"min": 1,
								"max": 1
							}
						},
						{
							"function": "enchant_randomly",
							"enchantments": []
						},
						{
							"function": "set_armor_trim",
							"material": "redstone",
							"pattern": "silence"
						}
					]
				}
			]
		},
		{
			"rolls": 1,
			"entries": [
				{
					"type": "item",
					"weight": 1,
					"name": "minecraft:netherite_boots",
					"functions": [
						{
							"function": "set_count",
							"count": {
								"min": 1,
								"max": 1
							}
						},
						{
							"function": "enchant_randomly",
							"enchantments": []
						},
						{
							"function": "set_armor_trim",
							"material": "redstone",
							"pattern": "silence"
						}
					]
				}
			]
		},
		{
			"rolls": 1,
			"entries": [
				{
					"type": "item",
					"weight": 1,
					"name": "minecraft:netherite_sword",
					"functions": [
						{
							"function": "set_count",
							"count": {
								"min": 1,
								"max": 1
							}
						},
						{
							"function": "enchant_randomly",
							"enchantments": []
						}
					]
				}
			]
		}
	]
}