{
	"format_version": "1.8.0",
	"animations": {
		"animation.locdev_spear.first_person_hold": {
			"loop": true,
			"bones": {
				"root_item": {
					"rotation": [
						125.20841,
						-81.65111,
						16.48915
					],
					"position": [
						-7,
						35,
						4
					]
				}
			}
		},
		"animation.locdev_spear.third_person_hold": {
			"loop": true,
			"bones": {
				"root_item": {
					"rotation": [
						90,
						0,
						0
					],
					"position": [
						-0.5,
						22.5,
						20.5
					]
				}
			}
		}
	}
}