{
	"format_version": "1.8.0",
	"animations": {
		"animation.luminous_axe.first_person_hold": {
			"loop": true,
			"bones": {
				"root_item": {
					"rotation": [
						66,
						60,
						-60
					],
					"position": [
						3,
						23,
						4
					]
				}
			}
		},
		"animation.luminous_axe.third_person_hold": {
			"loop": true,
			"bones": {
				"root_item": {
					"rotation": [
						90,
						0,
						0
					],
					"position": [
						0.5,
						22.5,
						3.5
					]
				}
			}
		}
	}
}