{
	"format_version": "1.8.0",
	"animations": {
		"animation.scythe.first_person_hold": {
			"loop": true,
			"bones": {
				"root_item": {
					"rotation": [
						78.26584,
						-0.30231,
						-38.8516
					],
					"position": [
						3,
						23,
						4
					]
				}
			}
		},
		"animation.scythe.third_person_hold": {
			"loop": true,
			"bones": {
				"root_item": {
					"rotation": [
						177.38733,
						2.60757,
						-82.62867
					],
					"position": [
						-2.5,
						22.5,
						-0.5
					]
				}
			}
		}
	}
}