{
	"format_version": "1.20.80",
	"minecraft:structure_template_feature": {
		"description": {
			"identifier": "locdev:large_silver_vein_feature"
		},
		"structure_name": "features:large_silver_vein",
		"adjustment_radius": 4,
		"facing_direction": "random",
		"constraints": {
			"block_intersection": {
				"block_allowlist": [
					{
						"name": "stone"
					},
					{
						"name": "andesite"
					},
					{
						"name": "granite"
					},
					{
						"name": "diorite"
					}
				]
			}
		}
	}
}