{
	"format_version": "1.20.80",
	"minecraft:ore_feature": {
		"description": {
			"identifier": "locdev:silver_ore_feature"
		},
		"count": 9,
		"replace_rules": [
			{
				"places_block": {
					"name": "locdev:silver_ore",
					"states": {}
				},
				"may_replace": [
					{
						"name": "minecraft:stone",
						"states": {
							"stone_type": "stone"
						}
					},
					{
						"name": "minecraft:stone",
						"states": {
							"stone_type": "andesite"
						}
					},
					{
						"name": "minecraft:stone",
						"states": {
							"stone_type": "granite"
						}
					},
					{
						"name": "minecraft:stone",
						"states": {
							"stone_type": "diorite"
						}
					}
				]
			}
		]
	}
}