{
	"format_version": "1.13.0",
	"minecraft:feature_rules": {
		"description": {
			"identifier": "locdev:cenarax_outpost_feature_rule",
			"places_feature": "locdev:cenarax_outpost_feature"
		},
		"conditions": {
			"placement_pass": "first_pass",
			"minecraft:biome_filter": [
				{
					"test": "has_biome_tag",
					"operator": "==",
					"value": "plains"
				}
			]
		},
		"distribution": {
			"iterations": 1,
			"x": {
				"extent": [
					0,
					16
				],
				"distribution": "uniform"
			},
			"y": "q.heightmap(v.worldx, v.worldz)", //Generates the feature on the highest block on the column
			"z": {
				"extent": [
					0,
					16
				],
				"distribution": "uniform"
			},
			"scatter_chance": {
				"numerator": 1,
				"denominator": 10
			}
		}
	}
}