{
	"format_version": "1.13.0",
	"minecraft:feature_rules": {
		"description": {
			"identifier": "locdev:large_silver_vein_feature_rule",
			"places_feature": "locdev:large_silver_vein_feature"
		},
		"conditions": {
			"placement_pass": "after_underground_pass",
			"minecraft:biome_filter": {
				"all_of": [
					{
						"value": "overworld_generation",
						"operator": "equals"
					},
					{
						"value": "overworld",
						"operator": "equals"
					}
				]
			}
		},
		"distribution": {
			"iterations": 20,
			"coordinate_eval_order": "zyx",
			"x": {
				"distribution": "uniform",
				"extent": [
					0,
					2000
				]
			},
			"y": {
				"distribution": "uniform",
				"extent": [
					0,
					60
				]
			},
			"z": {
				"distribution": "uniform",
				"extent": [
					0,
					2000
				]
			}
		}
	}
}