{
	"format_version": "1.10.0",
	"minecraft:attachable": {
		"description": {
			"identifier": "locdev:cenarax_iron_helmet",
			"render_controllers": [
				"controller.render.armor"
			],
			"materials": {
				"default": "entity_alphatest",
				"enchanted": "entity_alphatest_glint"
			},
			"textures": {
				"default": "textures/entity/attachable/cenarax_iron_helmet_v2",
				"enchanted": "textures/misc/enchanted_item_glint"
			},
			"geometry": {
				"default": "geometry.cenarax_helmet_v2"
			}
		}
	}
}