{
	"format_version": "1.20.80",
	"minecraft:attachable": {
		"description": {
			"identifier": "locdev:heavy_diamond_chestplate",
			"materials": {
				"default": "armor",
				"enchanted": "armor_enchanted"
			},
			"textures": {
				"default": "textures/entity/attachable/heavy_diamond_chestplate",
				"enchanted": "textures/misc/enchanted_item_glint"
			},
			"geometry": {
				"default": "geometry.heavy_diamond_chestplate"
			},
			"scripts": {
				"parent_setup": "variable.chest_layer_visible = 0.0;"
			},
			"render_controllers": [
				"controller.render.armor"
			]
		}
	}
}