{
	"format_version": "1.10.0",
	"minecraft:attachable": {
		"description": {
			"identifier": "locdev:heavy_iron_chestplate",
			"render_controllers": ["controller.render.armor"],
			"materials": {
				"default": "entity_alphatest",
				"enchanted": "entity_alphatest_glint"
			},
			"textures": {
				"default": "textures/entity/attachable/heavy_iron_chestplate",
				"enchanted": "textures/misc/enchanted_item_glint"
			},
			"geometry": {
				"default": "geometry.heavy_iron_chestplate"
			}
		}
	}
}