{
	"format_version": "1.21.20",
	"minecraft:jigsaw": {
		"description": {
			"identifier": "locdev:frozen_fortress"
		},
		"step": "underground_structures",
		"heightmap_projection": "ocean_floor",
		"start_height": -70,
		"max_depth": 16,
		"terrain_adaptation": "encapsulate",
		"start_pool": "locdev:frozen_fortress/small_tunnels",
		"biome_filters": [
			{
				"test": "has_biome_tag",
				"value": "frozen",
				"operator": "equals"
			},
			{
				"value": "the_end",
				"test": "has_biome_tag",
				"operator": "not"
			}
		]
	}
}