{
	"format_version": "1.21.20",
	"minecraft:jigsaw": {
		"description": {
			"identifier": "locdev:highlands_tower"
		},
		"step": "surface_structures",
		"heightmap_projection": "world_surface",
		"start_height": 0,
		"max_depth": 7,
		"terrain_adaptation": "beard_box",
		"start_pool": "locdev:highlands_tower",
		"biome_filters": [
			{
				"value": "overworld",
				"operator": "equals"
			},
			{
				"value": "overworld_generation",
				"operator": "equals"
			},
			{
				"value": "the_end",
				"test": "has_biome_tag",
				"operator": "not"
			},
			{
				"all_of": [
					{
						"value": "meadow",
						"operator": "equals",
						"test": "has_biome_tag"
					},
					{
						"value": "meadow",
						"operator": "equals"
					}
				]
			}
		]
	}
}