{
	"format_version": "1.21.20",
	"minecraft:jigsaw": {
		"description": {
			"identifier": "locdev:ruins"
		},
		"step": "surface_structures",
		"heightmap_projection": "world_surface",
		"start_height": 0,
		"max_depth": 20,
		"terrain_adaptation": "beard_thin",
		"start_pool": "locdev:ruins",
		"biome_filters": [
			{
				"value": "overworld",
				"operator": "=="
			},
			{
				"value": "overworld_generation",
				"operator": "=="
			},
			{
				"value": "mooshroom_island",
				"test": "has_biome_tag",
				"operator": "not"
			},
			{
				"value": "the_end",
				"test": "has_biome_tag",
				"operator": "not"
			},
			{
				"value": "ocean",
				"test": "has_biome_tag",
				"operator": "not"
			},
			{
				"value": "river",
				"test": "has_biome_tag",
				"operator": "not"
			}
		]
	}
}