{
	"format_version": "1.20.80",
	"minecraft:item": {
		"description": {
			"identifier": "locdev:spell_bound_zombie",
			"menu_category": {
				"category": "items"
			}
		},
		"components": {
			"minecraft:icon": "bounded_spell",
			"minecraft:display_name": {
				"value": "Zombie Spell Bound Scroll"
			},
			"minecraft:hover_text_color": "yellow",
			"minecraft:max_stack_size": 64,
			"minecraft:should_despawn": true,
			"minecraft:entity_placer": {
				"entity": "locdev:friendly_zombie"
			}
		}
	}
}