{
	"format_version": "1.20.80",
	"minecraft:item": {
		"description": {
			"identifier": "locdev:spell_bound_zombie_silver",
			"menu_category": {
				"category": "items"
			}
		},
		"components": {
			"minecraft:icon": "silver_bounded_spell",
			"minecraft:display_name": {
				"value": "Zombie Spell Bound Scroll (Level 2)"
			},
			"minecraft:hover_text_color": "gray",
			"minecraft:max_stack_size": 64,
			"minecraft:should_despawn": true,
			"minecraft:entity_placer": {
				"entity": "locdev:friendly_zombie_iron"
			}
		}
	}
}