{
	"format_version": "1.21.20",
	"minecraft:template_pool": {
		"description": {
			"identifier": "locdev:abysmal_citadel/rampart"
		},
		"elements": [
			{
				"element": {
					"element_type": "minecraft:single_pool_element",
					"location": "abysmal_citadel/ramparts/rampart1",
					"processors": "locdev:abysmal_citadel/generic_decay"
				},
				"projection": "rigid",
				"weight": 1
			},
			{
				"element": {
					"element_type": "minecraft:single_pool_element",
					"location": "abysmal_citadel/bridges/rampart_start",
					"processors": "locdev:abysmal_citadel/generic_decay"
				},
				"projection": "rigid",
				"weight": 1
			}
		]
	}
}