{
	"format_version": "1.21.20",
	"minecraft:template_pool": {
		"description": {
			"identifier": "locdev:abysmal_citadel/spawners"
		},
		"elements": [
			{
				"element": {
					"element_type": "minecraft:single_pool_element",
					"location": "abysmal_citadel/bridge_spawners/bridge_spawner_melee",
					"processors": "locdev:abysmal_citadel/generic_decay"
				},
				"projection": "rigid",
				"weight": 3
			},
			{
				"element": {
					"element_type": "minecraft:single_pool_element",
					"location": "abysmal_citadel/bridge_spawners/bridge_spawner_ranged",
					"processors": "locdev:abysmal_citadel/generic_decay"
				},
				"projection": "rigid",
				"weight": 2
			},
			{
				"element": {
					"element_type": "minecraft:single_pool_element",
					"location": "abysmal_citadel/bridge_spawners/bridge_spawner_crossbow",
					"processors": "locdev:abysmal_citadel/generic_decay"
				},
				"projection": "rigid",
				"weight": 1
			}
		]
	}
}