{
	"format_version": "1.20.80",
	"minecraft:item": {
		"description": {
			"identifier": "locdev:mythril_sword",
			"menu_category": {
				"category": "equipment",
				"group": "itemGroup.name.sword"
			}
		},
		"components": {
			"minecraft:max_stack_size": 1,
			"minecraft:hand_equipped": true,
			"minecraft:can_destroy_in_creative": false,
			"minecraft:durability": {
				"max_durability": 2500
			},
			"minecraft:icon": "locdev_mythril_sword",
			"minecraft:damage": 10,
			"minecraft:enchantable": {
				"value": 14,
				"slot": "sword"
			},
			"minecraft:display_name": {
				"value": "Mythril Sword"
			},
			"minecraft:hover_text_color": "light_purple",
			"minecraft:allow_off_hand": true,
			"minecraft:repairable": {
				"repair_items": [
					{
						"items": [
							"locdev:mythril_ingot"
						],
						"repair_amount": "query.max_durability*0.25"
					},
					{
						"items": [
							"locdev:mythril_sword"
						],
						"repair_amount": "context.other->query.remaining_durability+0.12*context.other->query.max_durability"
					}
				]
			},
			"minecraft:digger": {
				"use_efficiency": true,
				"destroy_speeds": [
					{
						"block": "minecraft:web",
						"speed": 15
					},
					{
						"block": "minecraft:bamboo",
						"speed": 60
					}
				]
			},
			"minecraft:tags": {
				"tags": [
					"minecraft:is_sword",
					"minecraft:is_tool"
				]
			}
		}
	}
}