{
	"format_version": "1.20.50",
	"minecraft:item": {
		"description": {
			"identifier": "locdev:void_sword",
			"menu_category": {
				"category": "equipment",
				"group": "itemGroup.name.sword"
			}
		},
		"components": {
			"minecraft:max_stack_size": 1,
			"minecraft:icon": {
				"texture": "void_sword"
			},
			"minecraft:hand_equipped": true,
			"minecraft:glint": true,
			"minecraft:damage": 18,
			"minecraft:can_destroy_in_creative": false,
			"minecraft:allow_off_hand": true,
			"minecraft:enchantable": {
				"slot": "sword",
				"value": 14
			},
			"minecraft:display_name": {
				"value": "Void Sword"
			},
			"minecraft:hover_text_color": "light_purple",
			"minecraft:digger": {
				"use_efficiency": true,
				"destroy_speeds": [
					{
						"block": "minecraft:web",
						"speed": 15
					},
					{
						"block": "minecraft:bamboo",
						"speed": 60
					}
				]
			},
			"minecraft:shooter": {
				"ammunition": [
					{
						"item": "locdev:spellbound_fireball",
						"search_inventory": true,
						"use_offhand": true,
						"use_in_creative": false
					}
				],
				"max_draw_duration": 0,
				"charge_on_draw": false,
				"launch_power_scale": 1,
				"max_launch_power": 1,
				"scale_power_by_draw_duration": false
			},
			"minecraft:repairable": {
				"repair_items": [
					{
						"items": [
							"locdev:mythril_ingot"
						],
						"repair_amount": 200
					}
				]
			},
			"minecraft:tags": {
				"tags": [
					"minecraft:is_sword",
					"locdev:high_tier_items"
				]
			},
			"minecraft:durability": {
				"max_durability": 2500
			}
		}
	}
}