{
	"format_version": "1.12",
	"minecraft:recipe_shaped": {
		"description": {
			"identifier": "locdev:duplicate_zombie_scroll"
		},
		"tags": [
			"locdev_spell_bound_table"
		],
		"key": {
			"A": {
				"item": "minecraft:paper"
			},
			"B": {
				"item": "locdev:zombie_summoning_staff"
			},
			"C": {
				"item": "locdev:spell_bound_zombie"
			}
		},
		"pattern": [
			"   ",
			"AB ",
			" C "
		],
		"result": [
			{
				"item": "locdev:spell_bound_zombie",
				"count": 2
			},
			{
				"item": "locdev:zombie_summoning_staff",
				"count": 1
			}
		]
	}
}